"ndc","type"
"15020","mobileNDC"
"15050","mobileNDC"
"15080","mobileNDC"
"1511","mobileNDC"
"1512","mobileNDC"
"1514","mobileNDC"
"1515","mobileNDC"
"1516","mobileNDC"
"1517","mobileNDC"
"1520","mobileNDC"
"1521","mobileNDC"
"1522","mobileNDC"
"1523","mobileNDC"
"1525","mobileNDC"
"1526","mobileNDC"
"1529","mobileNDC"
"15555","mobileNDC"
"15566","mobileNDC"
"15630","mobileNDC"
"15678","mobileNDC"
"1570","mobileNDC"
"1573","mobileNDC"
"1575","mobileNDC"
"1577","mobileNDC"
"1578","mobileNDC"
"1579","mobileNDC"
"15888","mobileNDC"
"1590","mobileNDC"
"160","mobileNDC"
"162","mobileNDC"
"163","mobileNDC"
"170","mobileNDC"
"171","mobileNDC"
"172","mobileNDC"
"173","mobileNDC"
"174","mobileNDC"
"175","mobileNDC"
"176","mobileNDC"
"177","mobileNDC"
"178","mobileNDC"
"179","mobileNDC"
"110","sondernummer"
"112","sondernummer"
"181","sondernummer"
"182","sondernummer"
"183","sondernummer"
"184","sondernummer"
"185","sondernummer"
"186","sondernummer"
"187","sondernummer"
"191","sondernummer"
"192","sondernummer"
"193","sondernummer"
"800","sondernummer"
"700","sondernummer"
"900","sondernummer"
"137","sondernummer"
"116","sondernummer"
"201","onkz"
"202","onkz"
"203","onkz"
"2041","onkz"
"2043","onkz"
"2045","onkz"
"2051","onkz"
"2052","onkz"
"2053","onkz"
"2054","onkz"
"2056","onkz"
"2058","onkz"
"2064","onkz"
"2065","onkz"
"2066","onkz"
"208","onkz"
"209","onkz"
"2102","onkz"
"2103","onkz"
"2104","onkz"
"211","onkz"
"212","onkz"
"2129","onkz"
"2131","onkz"
"2132","onkz"
"2133","onkz"
"2137","onkz"
"214","onkz"
"2150","onkz"
"2151","onkz"
"2152","onkz"
"2153","onkz"
"2154","onkz"
"2156","onkz"
"2157","onkz"
"2158","onkz"
"2159","onkz"
"2161","onkz"
"2162","onkz"
"2163","onkz"
"2164","onkz"
"2165","onkz"
"2166","onkz"
"2171","onkz"
"2173","onkz"
"2174","onkz"
"2175","onkz"
"2181","onkz"
"2182","onkz"
"2183","onkz"
"2191","onkz"
"2192","onkz"
"2193","onkz"
"2195","onkz"
"2196","onkz"
"2202","onkz"
"2203","onkz"
"2204","onkz"
"2205","onkz"
"2206","onkz"
"2207","onkz"
"2208","onkz"
"221","onkz"
"2222","onkz"
"2223","onkz"
"2224","onkz"
"2225","onkz"
"2226","onkz"
"2227","onkz"
"2228","onkz"
"2232","onkz"
"2233","onkz"
"2234","onkz"
"2235","onkz"
"2236","onkz"
"2237","onkz"
"2238","onkz"
"2241","onkz"
"2242","onkz"
"2243","onkz"
"2244","onkz"
"2245","onkz"
"2246","onkz"
"2247","onkz"
"2248","onkz"
"2251","onkz"
"2252","onkz"
"2253","onkz"
"2254","onkz"
"2255","onkz"
"2256","onkz"
"2257","onkz"
"2261","onkz"
"2262","onkz"
"2263","onkz"
"2264","onkz"
"2265","onkz"
"2266","onkz"
"2267","onkz"
"2268","onkz"
"2269","onkz"
"2271","onkz"
"2272","onkz"
"2273","onkz"
"2274","onkz"
"2275","onkz"
"228","onkz"
"2291","onkz"
"2292","onkz"
"2293","onkz"
"2294","onkz"
"2295","onkz"
"2296","onkz"
"2297","onkz"
"2301","onkz"
"2302","onkz"
"2303","onkz"
"2304","onkz"
"2305","onkz"
"2306","onkz"
"2307","onkz"
"2308","onkz"
"2309","onkz"
"231","onkz"
"2323","onkz"
"2324","onkz"
"2325","onkz"
"2327","onkz"
"2330","onkz"
"2331","onkz"
"2332","onkz"
"2333","onkz"
"2334","onkz"
"2335","onkz"
"2336","onkz"
"2337","onkz"
"2338","onkz"
"2339","onkz"
"234","onkz"
"2351","onkz"
"2352","onkz"
"2353","onkz"
"2354","onkz"
"2355","onkz"
"2357","onkz"
"2358","onkz"
"2359","onkz"
"2360","onkz"
"2361","onkz"
"2362","onkz"
"2363","onkz"
"2364","onkz"
"2365","onkz"
"2366","onkz"
"2367","onkz"
"2368","onkz"
"2369","onkz"
"2371","onkz"
"2372","onkz"
"2373","onkz"
"2374","onkz"
"2375","onkz"
"2377","onkz"
"2378","onkz"
"2379","onkz"
"2381","onkz"
"2382","onkz"
"2383","onkz"
"2384","onkz"
"2385","onkz"
"2387","onkz"
"2388","onkz"
"2389","onkz"
"2391","onkz"
"2392","onkz"
"2393","onkz"
"2394","onkz"
"2395","onkz"
"2401","onkz"
"2402","onkz"
"2403","onkz"
"2404","onkz"
"2405","onkz"
"2406","onkz"
"2407","onkz"
"2408","onkz"
"2409","onkz"
"241","onkz"
"2421","onkz"
"2422","onkz"
"2423","onkz"
"2424","onkz"
"2425","onkz"
"2426","onkz"
"2427","onkz"
"2428","onkz"
"2429","onkz"
"2431","onkz"
"2432","onkz"
"2433","onkz"
"2434","onkz"
"2435","onkz"
"2436","onkz"
"2440","onkz"
"2441","onkz"
"2443","onkz"
"2444","onkz"
"2445","onkz"
"2446","onkz"
"2447","onkz"
"2448","onkz"
"2449","onkz"
"2451","onkz"
"2452","onkz"
"2453","onkz"
"2454","onkz"
"2455","onkz"
"2456","onkz"
"2461","onkz"
"2462","onkz"
"2463","onkz"
"2464","onkz"
"2465","onkz"
"2471","onkz"
"2472","onkz"
"2473","onkz"
"2474","onkz"
"2482","onkz"
"2484","onkz"
"2485","onkz"
"2486","onkz"
"2501","onkz"
"2502","onkz"
"2504","onkz"
"2505","onkz"
"2506","onkz"
"2507","onkz"
"2508","onkz"
"2509","onkz"
"251","onkz"
"2520","onkz"
"2521","onkz"
"2522","onkz"
"2523","onkz"
"2524","onkz"
"2525","onkz"
"2526","onkz"
"2527","onkz"
"2528","onkz"
"2529","onkz"
"2532","onkz"
"2533","onkz"
"2534","onkz"
"2535","onkz"
"2536","onkz"
"2538","onkz"
"2541","onkz"
"2542","onkz"
"2543","onkz"
"2545","onkz"
"2546","onkz"
"2547","onkz"
"2548","onkz"
"2551","onkz"
"2552","onkz"
"2553","onkz"
"2554","onkz"
"2555","onkz"
"2556","onkz"
"2557","onkz"
"2558","onkz"
"2561","onkz"
"2562","onkz"
"2563","onkz"
"2564","onkz"
"2565","onkz"
"2566","onkz"
"2567","onkz"
"2568","onkz"
"2571","onkz"
"2572","onkz"
"2573","onkz"
"2574","onkz"
"2575","onkz"
"2581","onkz"
"2582","onkz"
"2583","onkz"
"2584","onkz"
"2585","onkz"
"2586","onkz"
"2587","onkz"
"2588","onkz"
"2590","onkz"
"2591","onkz"
"2592","onkz"
"2593","onkz"
"2594","onkz"
"2595","onkz"
"2596","onkz"
"2597","onkz"
"2598","onkz"
"2599","onkz"
"2601","onkz"
"2602","onkz"
"2603","onkz"
"2604","onkz"
"2605","onkz"
"2606","onkz"
"2607","onkz"
"2608","onkz"
"261","onkz"
"2620","onkz"
"2621","onkz"
"2622","onkz"
"2623","onkz"
"2624","onkz"
"2625","onkz"
"2626","onkz"
"2627","onkz"
"2628","onkz"
"2630","onkz"
"2631","onkz"
"2632","onkz"
"2633","onkz"
"2634","onkz"
"2635","onkz"
"2636","onkz"
"2637","onkz"
"2638","onkz"
"2639","onkz"
"2641","onkz"
"2642","onkz"
"2643","onkz"
"2644","onkz"
"2645","onkz"
"2646","onkz"
"2647","onkz"
"2651","onkz"
"2652","onkz"
"2653","onkz"
"2654","onkz"
"2655","onkz"
"2656","onkz"
"2657","onkz"
"2661","onkz"
"2662","onkz"
"2663","onkz"
"2664","onkz"
"2666","onkz"
"2667","onkz"
"2671","onkz"
"2672","onkz"
"2673","onkz"
"2674","onkz"
"2675","onkz"
"2676","onkz"
"2677","onkz"
"2678","onkz"
"2680","onkz"
"2681","onkz"
"2682","onkz"
"2683","onkz"
"2684","onkz"
"2685","onkz"
"2686","onkz"
"2687","onkz"
"2688","onkz"
"2689","onkz"
"2691","onkz"
"2692","onkz"
"2693","onkz"
"2694","onkz"
"2695","onkz"
"2696","onkz"
"2697","onkz"
"271","onkz"
"2721","onkz"
"2722","onkz"
"2723","onkz"
"2724","onkz"
"2725","onkz"
"2732","onkz"
"2733","onkz"
"2734","onkz"
"2735","onkz"
"2736","onkz"
"2737","onkz"
"2738","onkz"
"2739","onkz"
"2741","onkz"
"2742","onkz"
"2743","onkz"
"2744","onkz"
"2745","onkz"
"2747","onkz"
"2750","onkz"
"2751","onkz"
"2752","onkz"
"2753","onkz"
"2754","onkz"
"2755","onkz"
"2758","onkz"
"2759","onkz"
"2761","onkz"
"2762","onkz"
"2763","onkz"
"2764","onkz"
"2770","onkz"
"2771","onkz"
"2772","onkz"
"2773","onkz"
"2774","onkz"
"2775","onkz"
"2776","onkz"
"2777","onkz"
"2778","onkz"
"2779","onkz"
"2801","onkz"
"2802","onkz"
"2803","onkz"
"2804","onkz"
"281","onkz"
"2821","onkz"
"2822","onkz"
"2823","onkz"
"2824","onkz"
"2825","onkz"
"2826","onkz"
"2827","onkz"
"2828","onkz"
"2831","onkz"
"2832","onkz"
"2833","onkz"
"2834","onkz"
"2835","onkz"
"2836","onkz"
"2837","onkz"
"2838","onkz"
"2839","onkz"
"2841","onkz"
"2842","onkz"
"2843","onkz"
"2844","onkz"
"2845","onkz"
"2850","onkz"
"2851","onkz"
"2852","onkz"
"2853","onkz"
"2855","onkz"
"2856","onkz"
"2857","onkz"
"2858","onkz"
"2859","onkz"
"2861","onkz"
"2862","onkz"
"2863","onkz"
"2864","onkz"
"2865","onkz"
"2866","onkz"
"2867","onkz"
"2871","onkz"
"2872","onkz"
"2873","onkz"
"2874","onkz"
"2902","onkz"
"2903","onkz"
"2904","onkz"
"2905","onkz"
"291","onkz"
"2921","onkz"
"2922","onkz"
"2923","onkz"
"2924","onkz"
"2925","onkz"
"2927","onkz"
"2928","onkz"
"2931","onkz"
"2932","onkz"
"2933","onkz"
"2934","onkz"
"2935","onkz"
"2937","onkz"
"2938","onkz"
"2941","onkz"
"2942","onkz"
"2943","onkz"
"2944","onkz"
"2945","onkz"
"2947","onkz"
"2948","onkz"
"2951","onkz"
"2952","onkz"
"2953","onkz"
"2954","onkz"
"2955","onkz"
"2957","onkz"
"2958","onkz"
"2961","onkz"
"2962","onkz"
"2963","onkz"
"2964","onkz"
"2971","onkz"
"2972","onkz"
"2973","onkz"
"2974","onkz"
"2975","onkz"
"2977","onkz"
"2981","onkz"
"2982","onkz"
"2983","onkz"
"2984","onkz"
"2985","onkz"
"2991","onkz"
"2992","onkz"
"2993","onkz"
"2994","onkz"
"30","onkz"
"3301","onkz"
"3302","onkz"
"3303","onkz"
"3304","onkz"
"33051","onkz"
"33052","onkz"
"33053","onkz"
"33054","onkz"
"33055","onkz"
"33056","onkz"
"3306","onkz"
"3307","onkz"
"33080","onkz"
"33082","onkz"
"33083","onkz"
"33084","onkz"
"33085","onkz"
"33086","onkz"
"33087","onkz"
"33088","onkz"
"33089","onkz"
"33093","onkz"
"33094","onkz"
"331","onkz"
"33200","onkz"
"33201","onkz"
"33202","onkz"
"33203","onkz"
"33204","onkz"
"33205","onkz"
"33206","onkz"
"33207","onkz"
"33208","onkz"
"33209","onkz"
"3321","onkz"
"3322","onkz"
"33230","onkz"
"33231","onkz"
"33232","onkz"
"33233","onkz"
"33234","onkz"
"33235","onkz"
"33237","onkz"
"33238","onkz"
"33239","onkz"
"3327","onkz"
"3328","onkz"
"3329","onkz"
"3331","onkz"
"3332","onkz"
"33331","onkz"
"33332","onkz"
"33333","onkz"
"33334","onkz"
"33335","onkz"
"33336","onkz"
"33337","onkz"
"33338","onkz"
"3334","onkz"
"3335","onkz"
"33361","onkz"
"33362","onkz"
"33363","onkz"
"33364","onkz"
"33365","onkz"
"33366","onkz"
"33367","onkz"
"33368","onkz"
"33369","onkz"
"3337","onkz"
"3338","onkz"
"33393","onkz"
"33394","onkz"
"33395","onkz"
"33396","onkz"
"33397","onkz"
"33398","onkz"
"3341","onkz"
"3342","onkz"
"33432","onkz"
"33433","onkz"
"33434","onkz"
"33435","onkz"
"33436","onkz"
"33437","onkz"
"33438","onkz"
"33439","onkz"
"3344","onkz"
"33451","onkz"
"33452","onkz"
"33454","onkz"
"33456","onkz"
"33457","onkz"
"33458","onkz"
"3346","onkz"
"33470","onkz"
"33472","onkz"
"33473","onkz"
"33474","onkz"
"33475","onkz"
"33476","onkz"
"33477","onkz"
"33478","onkz"
"33479","onkz"
"335","onkz"
"33601","onkz"
"33602","onkz"
"33603","onkz"
"33604","onkz"
"33605","onkz"
"33606","onkz"
"33607","onkz"
"33608","onkz"
"33609","onkz"
"3361","onkz"
"3362","onkz"
"33631","onkz"
"33632","onkz"
"33633","onkz"
"33634","onkz"
"33635","onkz"
"33636","onkz"
"33637","onkz"
"33638","onkz"
"3364","onkz"
"33652","onkz"
"33653","onkz"
"33654","onkz"
"33655","onkz"
"33656","onkz"
"33657","onkz"
"3366","onkz"
"33671","onkz"
"33672","onkz"
"33673","onkz"
"33674","onkz"
"33675","onkz"
"33676","onkz"
"33677","onkz"
"33678","onkz"
"33679","onkz"
"33701","onkz"
"33702","onkz"
"33703","onkz"
"33704","onkz"
"33708","onkz"
"3371","onkz"
"3372","onkz"
"33731","onkz"
"33732","onkz"
"33733","onkz"
"33734","onkz"
"33741","onkz"
"33742","onkz"
"33743","onkz"
"33744","onkz"
"33745","onkz"
"33746","onkz"
"33747","onkz"
"33748","onkz"
"3375","onkz"
"33760","onkz"
"33762","onkz"
"33763","onkz"
"33764","onkz"
"33765","onkz"
"33766","onkz"
"33767","onkz"
"33768","onkz"
"33769","onkz"
"3377","onkz"
"3378","onkz"
"3379","onkz"
"3381","onkz"
"3382","onkz"
"33830","onkz"
"33831","onkz"
"33832","onkz"
"33833","onkz"
"33834","onkz"
"33835","onkz"
"33836","onkz"
"33837","onkz"
"33838","onkz"
"33839","onkz"
"33841","onkz"
"33843","onkz"
"33844","onkz"
"33845","onkz"
"33846","onkz"
"33847","onkz"
"33848","onkz"
"33849","onkz"
"3385","onkz"
"3386","onkz"
"33870","onkz"
"33872","onkz"
"33873","onkz"
"33874","onkz"
"33875","onkz"
"33876","onkz"
"33877","onkz"
"33878","onkz"
"3391","onkz"
"33920","onkz"
"33921","onkz"
"33922","onkz"
"33923","onkz"
"33924","onkz"
"33925","onkz"
"33926","onkz"
"33927","onkz"
"33928","onkz"
"33929","onkz"
"33931","onkz"
"33932","onkz"
"33933","onkz"
"3394","onkz"
"3395","onkz"
"33962","onkz"
"33963","onkz"
"33964","onkz"
"33965","onkz"
"33966","onkz"
"33967","onkz"
"33968","onkz"
"33969","onkz"
"33970","onkz"
"33971","onkz"
"33972","onkz"
"33973","onkz"
"33974","onkz"
"33975","onkz"
"33976","onkz"
"33977","onkz"
"33978","onkz"
"33979","onkz"
"33981","onkz"
"33982","onkz"
"33983","onkz"
"33984","onkz"
"33986","onkz"
"33989","onkz"
"340","onkz"
"341","onkz"
"34202","onkz"
"34203","onkz"
"34204","onkz"
"34205","onkz"
"34206","onkz"
"34207","onkz"
"34208","onkz"
"3421","onkz"
"34221","onkz"
"34222","onkz"
"34223","onkz"
"34224","onkz"
"3423","onkz"
"34241","onkz"
"34242","onkz"
"34243","onkz"
"34244","onkz"
"3425","onkz"
"34261","onkz"
"34262","onkz"
"34263","onkz"
"34291","onkz"
"34292","onkz"
"34293","onkz"
"34294","onkz"
"34295","onkz"
"34296","onkz"
"34297","onkz"
"34298","onkz"
"34299","onkz"
"3431","onkz"
"34321","onkz"
"34322","onkz"
"34324","onkz"
"34325","onkz"
"34327","onkz"
"34328","onkz"
"3433","onkz"
"34341","onkz"
"34342","onkz"
"34343","onkz"
"34344","onkz"
"34345","onkz"
"34346","onkz"
"34347","onkz"
"34348","onkz"
"3435","onkz"
"34361","onkz"
"34362","onkz"
"34363","onkz"
"34364","onkz"
"3437","onkz"
"34381","onkz"
"34382","onkz"
"34383","onkz"
"34384","onkz"
"34385","onkz"
"34386","onkz"
"3441","onkz"
"34422","onkz"
"34423","onkz"
"34424","onkz"
"34425","onkz"
"34426","onkz"
"3443","onkz"
"34441","onkz"
"34443","onkz"
"34444","onkz"
"34445","onkz"
"34446","onkz"
"3445","onkz"
"34461","onkz"
"34462","onkz"
"34463","onkz"
"34464","onkz"
"34465","onkz"
"34466","onkz"
"34467","onkz"
"3447","onkz"
"3448","onkz"
"34491","onkz"
"34492","onkz"
"34493","onkz"
"34494","onkz"
"34495","onkz"
"34496","onkz"
"34497","onkz"
"34498","onkz"
"345","onkz"
"34600","onkz"
"34601","onkz"
"34602","onkz"
"34603","onkz"
"34604","onkz"
"34605","onkz"
"34606","onkz"
"34607","onkz"
"34609","onkz"
"3461","onkz"
"3462","onkz"
"34632","onkz"
"34633","onkz"
"34635","onkz"
"34636","onkz"
"34637","onkz"
"34638","onkz"
"34639","onkz"
"3464","onkz"
"34651","onkz"
"34652","onkz"
"34653","onkz"
"34654","onkz"
"34656","onkz"
"34658","onkz"
"34659","onkz"
"3466","onkz"
"34671","onkz"
"34672","onkz"
"34673","onkz"
"34691","onkz"
"34692","onkz"
"3471","onkz"
"34721","onkz"
"34722","onkz"
"3473","onkz"
"34741","onkz"
"34742","onkz"
"34743","onkz"
"34745","onkz"
"34746","onkz"
"3475","onkz"
"3476","onkz"
"34771","onkz"
"34772","onkz"
"34773","onkz"
"34774","onkz"
"34775","onkz"
"34776","onkz"
"34779","onkz"
"34781","onkz"
"34782","onkz"
"34783","onkz"
"34785","onkz"
"34901","onkz"
"34903","onkz"
"34904","onkz"
"34905","onkz"
"34906","onkz"
"34907","onkz"
"34909","onkz"
"3491","onkz"
"34920","onkz"
"34921","onkz"
"34922","onkz"
"34923","onkz"
"34924","onkz"
"34925","onkz"
"34926","onkz"
"34927","onkz"
"34928","onkz"
"34929","onkz"
"3493","onkz"
"3494","onkz"
"34953","onkz"
"34954","onkz"
"34955","onkz"
"34956","onkz"
"3496","onkz"
"34973","onkz"
"34975","onkz"
"34976","onkz"
"34977","onkz"
"34978","onkz"
"34979","onkz"
"3501","onkz"
"35020","onkz"
"35021","onkz"
"35022","onkz"
"35023","onkz"
"35024","onkz"
"35025","onkz"
"35026","onkz"
"35027","onkz"
"35028","onkz"
"35032","onkz"
"35033","onkz"
"3504","onkz"
"35052","onkz"
"35053","onkz"
"35054","onkz"
"35055","onkz"
"35056","onkz"
"35057","onkz"
"35058","onkz"
"351","onkz"
"35200","onkz"
"35201","onkz"
"35202","onkz"
"35203","onkz"
"35204","onkz"
"35205","onkz"
"35206","onkz"
"35207","onkz"
"35208","onkz"
"35209","onkz"
"3521","onkz"
"3522","onkz"
"3523","onkz"
"35240","onkz"
"35241","onkz"
"35242","onkz"
"35243","onkz"
"35244","onkz"
"35245","onkz"
"35246","onkz"
"35247","onkz"
"35248","onkz"
"35249","onkz"
"3525","onkz"
"35263","onkz"
"35264","onkz"
"35265","onkz"
"35266","onkz"
"35267","onkz"
"35268","onkz"
"3528","onkz"
"3529","onkz"
"3531","onkz"
"35322","onkz"
"35323","onkz"
"35324","onkz"
"35325","onkz"
"35326","onkz"
"35327","onkz"
"35329","onkz"
"3533","onkz"
"35341","onkz"
"35342","onkz"
"35343","onkz"
"3535","onkz"
"35361","onkz"
"35362","onkz"
"35363","onkz"
"35364","onkz"
"35365","onkz"
"3537","onkz"
"35383","onkz"
"35384","onkz"
"35385","onkz"
"35386","onkz"
"35387","onkz"
"35388","onkz"
"35389","onkz"
"3541","onkz"
"3542","onkz"
"35433","onkz"
"35434","onkz"
"35435","onkz"
"35436","onkz"
"35439","onkz"
"3544","onkz"
"35451","onkz"
"35452","onkz"
"35453","onkz"
"35454","onkz"
"35455","onkz"
"35456","onkz"
"3546","onkz"
"35471","onkz"
"35472","onkz"
"35473","onkz"
"35474","onkz"
"35475","onkz"
"35476","onkz"
"35477","onkz"
"35478","onkz"
"355","onkz"
"35600","onkz"
"35601","onkz"
"35602","onkz"
"35603","onkz"
"35604","onkz"
"35605","onkz"
"35606","onkz"
"35607","onkz"
"35608","onkz"
"35609","onkz"
"3561","onkz"
"3562","onkz"
"3563","onkz"
"3564","onkz"
"35691","onkz"
"35692","onkz"
"35693","onkz"
"35694","onkz"
"35695","onkz"
"35696","onkz"
"35697","onkz"
"35698","onkz"
"3571","onkz"
"35722","onkz"
"35723","onkz"
"35724","onkz"
"35725","onkz"
"35726","onkz"
"35727","onkz"
"35728","onkz"
"3573","onkz"
"3574","onkz"
"35751","onkz"
"35752","onkz"
"35753","onkz"
"35754","onkz"
"35755","onkz"
"35756","onkz"
"3576","onkz"
"35771","onkz"
"35772","onkz"
"35773","onkz"
"35774","onkz"
"35775","onkz"
"3578","onkz"
"35792","onkz"
"35793","onkz"
"35795","onkz"
"35796","onkz"
"35797","onkz"
"3581","onkz"
"35820","onkz"
"35822","onkz"
"35823","onkz"
"35825","onkz"
"35826","onkz"
"35827","onkz"
"35828","onkz"
"35829","onkz"
"3583","onkz"
"35841","onkz"
"35842","onkz"
"35843","onkz"
"35844","onkz"
"3585","onkz"
"3586","onkz"
"35872","onkz"
"35873","onkz"
"35874","onkz"
"35875","onkz"
"35876","onkz"
"35877","onkz"
"3588","onkz"
"35891","onkz"
"35892","onkz"
"35893","onkz"
"35894","onkz"
"35895","onkz"
"3591","onkz"
"3592","onkz"
"35930","onkz"
"35931","onkz"
"35932","onkz"
"35933","onkz"
"35934","onkz"
"35935","onkz"
"35936","onkz"
"35937","onkz"
"35938","onkz"
"35939","onkz"
"3594","onkz"
"35951","onkz"
"35952","onkz"
"35953","onkz"
"35954","onkz"
"35955","onkz"
"3596","onkz"
"35971","onkz"
"35973","onkz"
"35974","onkz"
"35975","onkz"
"3601","onkz"
"36020","onkz"
"36021","onkz"
"36022","onkz"
"36023","onkz"
"36024","onkz"
"36025","onkz"
"36026","onkz"
"36027","onkz"
"36028","onkz"
"36029","onkz"
"3603","onkz"
"36041","onkz"
"36042","onkz"
"36043","onkz"
"3605","onkz"
"3606","onkz"
"36071","onkz"
"36072","onkz"
"36074","onkz"
"36075","onkz"
"36076","onkz"
"36077","onkz"
"36081","onkz"
"36082","onkz"
"36083","onkz"
"36084","onkz"
"36085","onkz"
"36087","onkz"
"361","onkz"
"36200","onkz"
"36201","onkz"
"36202","onkz"
"36203","onkz"
"36204","onkz"
"36205","onkz"
"36206","onkz"
"36207","onkz"
"36208","onkz"
"36209","onkz"
"3621","onkz"
"3622","onkz"
"3623","onkz"
"3624","onkz"
"36252","onkz"
"36253","onkz"
"36254","onkz"
"36255","onkz"
"36256","onkz"
"36257","onkz"
"36258","onkz"
"36259","onkz"
"3628","onkz"
"3629","onkz"
"3631","onkz"
"3632","onkz"
"36330","onkz"
"36331","onkz"
"36332","onkz"
"36333","onkz"
"36334","onkz"
"36335","onkz"
"36336","onkz"
"36337","onkz"
"36338","onkz"
"3634","onkz"
"3635","onkz"
"3636","onkz"
"36370","onkz"
"36371","onkz"
"36372","onkz"
"36373","onkz"
"36374","onkz"
"36375","onkz"
"36376","onkz"
"36377","onkz"
"36378","onkz"
"36379","onkz"
"3641","onkz"
"36421","onkz"
"36422","onkz"
"36423","onkz"
"36424","onkz"
"36425","onkz"
"36426","onkz"
"36427","onkz"
"36428","onkz"
"3643","onkz"
"3644","onkz"
"36450","onkz"
"36451","onkz"
"36452","onkz"
"36453","onkz"
"36454","onkz"
"36458","onkz"
"36459","onkz"
"36461","onkz"
"36462","onkz"
"36463","onkz"
"36464","onkz"
"36465","onkz"
"3647","onkz"
"36481","onkz"
"36482","onkz"
"36483","onkz"
"36484","onkz"
"365","onkz"
"36601","onkz"
"36602","onkz"
"36603","onkz"
"36604","onkz"
"36605","onkz"
"36606","onkz"
"36607","onkz"
"36608","onkz"
"3661","onkz"
"36621","onkz"
"36622","onkz"
"36623","onkz"
"36624","onkz"
"36625","onkz"
"36626","onkz"
"36628","onkz"
"3663","onkz"
"36640","onkz"
"36642","onkz"
"36643","onkz"
"36644","onkz"
"36645","onkz"
"36646","onkz"
"36647","onkz"
"36648","onkz"
"36649","onkz"
"36651","onkz"
"36652","onkz"
"36653","onkz"
"36691","onkz"
"36692","onkz"
"36693","onkz"
"36694","onkz"
"36695","onkz"
"36701","onkz"
"36702","onkz"
"36703","onkz"
"36704","onkz"
"36705","onkz"
"3671","onkz"
"3672","onkz"
"36730","onkz"
"36731","onkz"
"36732","onkz"
"36733","onkz"
"36734","onkz"
"36735","onkz"
"36736","onkz"
"36737","onkz"
"36738","onkz"
"36739","onkz"
"36741","onkz"
"36742","onkz"
"36743","onkz"
"36744","onkz"
"3675","onkz"
"36761","onkz"
"36762","onkz"
"36764","onkz"
"36766","onkz"
"3677","onkz"
"36781","onkz"
"36782","onkz"
"36783","onkz"
"36784","onkz"
"36785","onkz"
"3679","onkz"
"3681","onkz"
"3682","onkz"
"3683","onkz"
"36840","onkz"
"36841","onkz"
"36842","onkz"
"36843","onkz"
"36844","onkz"
"36845","onkz"
"36846","onkz"
"36847","onkz"
"36848","onkz"
"36849","onkz"
"3685","onkz"
"3686","onkz"
"36870","onkz"
"36871","onkz"
"36873","onkz"
"36874","onkz"
"36875","onkz"
"36878","onkz"
"3691","onkz"
"36920","onkz"
"36921","onkz"
"36922","onkz"
"36923","onkz"
"36924","onkz"
"36925","onkz"
"36926","onkz"
"36927","onkz"
"36928","onkz"
"36929","onkz"
"3693","onkz"
"36940","onkz"
"36941","onkz"
"36943","onkz"
"36944","onkz"
"36945","onkz"
"36946","onkz"
"36947","onkz"
"36948","onkz"
"36949","onkz"
"3695","onkz"
"36961","onkz"
"36962","onkz"
"36963","onkz"
"36964","onkz"
"36965","onkz"
"36966","onkz"
"36967","onkz"
"36968","onkz"
"36969","onkz"
"371","onkz"
"37200","onkz"
"37202","onkz"
"37203","onkz"
"37204","onkz"
"37206","onkz"
"37207","onkz"
"37208","onkz"
"37209","onkz"
"3721","onkz"
"3722","onkz"
"3723","onkz"
"3724","onkz"
"3725","onkz"
"3726","onkz"
"3727","onkz"
"37291","onkz"
"37292","onkz"
"37293","onkz"
"37294","onkz"
"37295","onkz"
"37296","onkz"
"37297","onkz"
"37298","onkz"
"3731","onkz"
"37320","onkz"
"37321","onkz"
"37322","onkz"
"37323","onkz"
"37324","onkz"
"37325","onkz"
"37326","onkz"
"37327","onkz"
"37328","onkz"
"37329","onkz"
"3733","onkz"
"37341","onkz"
"37342","onkz"
"37343","onkz"
"37344","onkz"
"37346","onkz"
"37347","onkz"
"37348","onkz"
"37349","onkz"
"3735","onkz"
"37360","onkz"
"37361","onkz"
"37362","onkz"
"37363","onkz"
"37364","onkz"
"37365","onkz"
"37366","onkz"
"37367","onkz"
"37368","onkz"
"37369","onkz"
"3737","onkz"
"37381","onkz"
"37382","onkz"
"37383","onkz"
"37384","onkz"
"3741","onkz"
"37421","onkz"
"37422","onkz"
"37423","onkz"
"37430","onkz"
"37431","onkz"
"37432","onkz"
"37433","onkz"
"37434","onkz"
"37435","onkz"
"37436","onkz"
"37437","onkz"
"37438","onkz"
"37439","onkz"
"3744","onkz"
"3745","onkz"
"37462","onkz"
"37463","onkz"
"37464","onkz"
"37465","onkz"
"37467","onkz"
"37468","onkz"
"375","onkz"
"37600","onkz"
"37601","onkz"
"37602","onkz"
"37603","onkz"
"37604","onkz"
"37605","onkz"
"37606","onkz"
"37607","onkz"
"37608","onkz"
"37609","onkz"
"3761","onkz"
"3762","onkz"
"3763","onkz"
"3764","onkz"
"3765","onkz"
"3771","onkz"
"3772","onkz"
"3773","onkz"
"3774","onkz"
"37752","onkz"
"37754","onkz"
"37755","onkz"
"37756","onkz"
"37757","onkz"
"381","onkz"
"38201","onkz"
"38202","onkz"
"38203","onkz"
"38204","onkz"
"38205","onkz"
"38206","onkz"
"38207","onkz"
"38208","onkz"
"38209","onkz"
"3821","onkz"
"38220","onkz"
"38221","onkz"
"38222","onkz"
"38223","onkz"
"38224","onkz"
"38225","onkz"
"38226","onkz"
"38227","onkz"
"38228","onkz"
"38229","onkz"
"38231","onkz"
"38232","onkz"
"38233","onkz"
"38234","onkz"
"38292","onkz"
"38293","onkz"
"38294","onkz"
"38295","onkz"
"38296","onkz"
"38297","onkz"
"38300","onkz"
"38301","onkz"
"38302","onkz"
"38303","onkz"
"38304","onkz"
"38305","onkz"
"38306","onkz"
"38307","onkz"
"38308","onkz"
"38309","onkz"
"3831","onkz"
"38320","onkz"
"38321","onkz"
"38322","onkz"
"38323","onkz"
"38324","onkz"
"38325","onkz"
"38326","onkz"
"38327","onkz"
"38328","onkz"
"38331","onkz"
"38332","onkz"
"38333","onkz"
"38334","onkz"
"3834","onkz"
"38351","onkz"
"38352","onkz"
"38353","onkz"
"38354","onkz"
"38355","onkz"
"38356","onkz"
"3836","onkz"
"38370","onkz"
"38371","onkz"
"38372","onkz"
"38373","onkz"
"38374","onkz"
"38375","onkz"
"38376","onkz"
"38377","onkz"
"38378","onkz"
"38379","onkz"
"3838","onkz"
"38391","onkz"
"38392","onkz"
"38393","onkz"
"3841","onkz"
"38422","onkz"
"38423","onkz"
"38424","onkz"
"38425","onkz"
"38426","onkz"
"38427","onkz"
"38428","onkz"
"38429","onkz"
"3843","onkz"
"3844","onkz"
"38450","onkz"
"38451","onkz"
"38452","onkz"
"38453","onkz"
"38454","onkz"
"38455","onkz"
"38456","onkz"
"38457","onkz"
"38458","onkz"
"38459","onkz"
"38461","onkz"
"38462","onkz"
"38464","onkz"
"38466","onkz"
"3847","onkz"
"38481","onkz"
"38482","onkz"
"38483","onkz"
"38484","onkz"
"38485","onkz"
"38486","onkz"
"38488","onkz"
"385","onkz"
"3860","onkz"
"3861","onkz"
"3863","onkz"
"3865","onkz"
"3866","onkz"
"3867","onkz"
"3868","onkz"
"3869","onkz"
"3871","onkz"
"38720","onkz"
"38721","onkz"
"38722","onkz"
"38723","onkz"
"38724","onkz"
"38725","onkz"
"38726","onkz"
"38727","onkz"
"38728","onkz"
"38729","onkz"
"38731","onkz"
"38732","onkz"
"38733","onkz"
"38735","onkz"
"38736","onkz"
"38737","onkz"
"38738","onkz"
"3874","onkz"
"38750","onkz"
"38751","onkz"
"38752","onkz"
"38753","onkz"
"38754","onkz"
"38755","onkz"
"38756","onkz"
"38757","onkz"
"38758","onkz"
"38759","onkz"
"3876","onkz"
"3877","onkz"
"38780","onkz"
"38781","onkz"
"38782","onkz"
"38783","onkz"
"38784","onkz"
"38785","onkz"
"38787","onkz"
"38788","onkz"
"38789","onkz"
"38791","onkz"
"38792","onkz"
"38793","onkz"
"38794","onkz"
"38796","onkz"
"38797","onkz"
"3881","onkz"
"38821","onkz"
"38822","onkz"
"38823","onkz"
"38824","onkz"
"38825","onkz"
"38826","onkz"
"38827","onkz"
"38828","onkz"
"3883","onkz"
"38841","onkz"
"38842","onkz"
"38843","onkz"
"38844","onkz"
"38845","onkz"
"38847","onkz"
"38848","onkz"
"38850","onkz"
"38851","onkz"
"38852","onkz"
"38853","onkz"
"38854","onkz"
"38855","onkz"
"38856","onkz"
"38858","onkz"
"38859","onkz"
"3886","onkz"
"38871","onkz"
"38872","onkz"
"38873","onkz"
"38874","onkz"
"38875","onkz"
"38876","onkz"
"39000","onkz"
"39001","onkz"
"39002","onkz"
"39003","onkz"
"39004","onkz"
"39005","onkz"
"39006","onkz"
"39007","onkz"
"39008","onkz"
"39009","onkz"
"3901","onkz"
"3902","onkz"
"39030","onkz"
"39031","onkz"
"39032","onkz"
"39033","onkz"
"39034","onkz"
"39035","onkz"
"39036","onkz"
"39037","onkz"
"39038","onkz"
"39039","onkz"
"3904","onkz"
"39050","onkz"
"39051","onkz"
"39052","onkz"
"39053","onkz"
"39054","onkz"
"39055","onkz"
"39056","onkz"
"39057","onkz"
"39058","onkz"
"39059","onkz"
"39061","onkz"
"39062","onkz"
"3907","onkz"
"39080","onkz"
"39081","onkz"
"39082","onkz"
"39083","onkz"
"39084","onkz"
"39085","onkz"
"39086","onkz"
"39087","onkz"
"39088","onkz"
"39089","onkz"
"3909","onkz"
"391","onkz"
"39200","onkz"
"39201","onkz"
"39202","onkz"
"39203","onkz"
"39204","onkz"
"39205","onkz"
"39206","onkz"
"39207","onkz"
"39208","onkz"
"39209","onkz"
"3921","onkz"
"39221","onkz"
"39222","onkz"
"39223","onkz"
"39224","onkz"
"39225","onkz"
"39226","onkz"
"3923","onkz"
"39241","onkz"
"39242","onkz"
"39243","onkz"
"39244","onkz"
"39245","onkz"
"39246","onkz"
"39247","onkz"
"39248","onkz"
"3925","onkz"
"39262","onkz"
"39263","onkz"
"39264","onkz"
"39265","onkz"
"39266","onkz"
"39267","onkz"
"39268","onkz"
"3928","onkz"
"39291","onkz"
"39292","onkz"
"39293","onkz"
"39294","onkz"
"39295","onkz"
"39296","onkz"
"39297","onkz"
"39298","onkz"
"3931","onkz"
"39320","onkz"
"39321","onkz"
"39322","onkz"
"39323","onkz"
"39324","onkz"
"39325","onkz"
"39327","onkz"
"39328","onkz"
"39329","onkz"
"3933","onkz"
"39341","onkz"
"39342","onkz"
"39343","onkz"
"39344","onkz"
"39345","onkz"
"39346","onkz"
"39347","onkz"
"39348","onkz"
"39349","onkz"
"3935","onkz"
"39361","onkz"
"39362","onkz"
"39363","onkz"
"39364","onkz"
"39365","onkz"
"39366","onkz"
"3937","onkz"
"39382","onkz"
"39383","onkz"
"39384","onkz"
"39386","onkz"
"39387","onkz"
"39388","onkz"
"39389","onkz"
"39390","onkz"
"39391","onkz"
"39392","onkz"
"39393","onkz"
"39394","onkz"
"39395","onkz"
"39396","onkz"
"39397","onkz"
"39398","onkz"
"39399","onkz"
"39400","onkz"
"39401","onkz"
"39402","onkz"
"39403","onkz"
"39404","onkz"
"39405","onkz"
"39406","onkz"
"39407","onkz"
"39408","onkz"
"39409","onkz"
"3941","onkz"
"39421","onkz"
"39422","onkz"
"39423","onkz"
"39424","onkz"
"39425","onkz"
"39426","onkz"
"39427","onkz"
"39428","onkz"
"3943","onkz"
"3944","onkz"
"39451","onkz"
"39452","onkz"
"39453","onkz"
"39454","onkz"
"39455","onkz"
"39456","onkz"
"39457","onkz"
"39458","onkz"
"39459","onkz"
"3946","onkz"
"3947","onkz"
"39481","onkz"
"39482","onkz"
"39483","onkz"
"39484","onkz"
"39485","onkz"
"39487","onkz"
"39488","onkz"
"39489","onkz"
"3949","onkz"
"395","onkz"
"39600","onkz"
"39601","onkz"
"39602","onkz"
"39603","onkz"
"39604","onkz"
"39605","onkz"
"39606","onkz"
"39607","onkz"
"39608","onkz"
"3961","onkz"
"3962","onkz"
"3963","onkz"
"3964","onkz"
"3965","onkz"
"3966","onkz"
"3967","onkz"
"3968","onkz"
"3969","onkz"
"3971","onkz"
"39721","onkz"
"39722","onkz"
"39723","onkz"
"39724","onkz"
"39726","onkz"
"39727","onkz"
"39728","onkz"
"3973","onkz"
"39740","onkz"
"39741","onkz"
"39742","onkz"
"39743","onkz"
"39744","onkz"
"39745","onkz"
"39746","onkz"
"39747","onkz"
"39748","onkz"
"39749","onkz"
"39751","onkz"
"39752","onkz"
"39753","onkz"
"39754","onkz"
"3976","onkz"
"39771","onkz"
"39772","onkz"
"39773","onkz"
"39774","onkz"
"39775","onkz"
"39776","onkz"
"39777","onkz"
"39778","onkz"
"39779","onkz"
"3981","onkz"
"39820","onkz"
"39821","onkz"
"39822","onkz"
"39823","onkz"
"39824","onkz"
"39825","onkz"
"39826","onkz"
"39827","onkz"
"39828","onkz"
"39829","onkz"
"39831","onkz"
"39832","onkz"
"39833","onkz"
"3984","onkz"
"39851","onkz"
"39852","onkz"
"39853","onkz"
"39854","onkz"
"39855","onkz"
"39856","onkz"
"39857","onkz"
"39858","onkz"
"39859","onkz"
"39861","onkz"
"39862","onkz"
"39863","onkz"
"3987","onkz"
"39881","onkz"
"39882","onkz"
"39883","onkz"
"39884","onkz"
"39885","onkz"
"39886","onkz"
"39887","onkz"
"39888","onkz"
"39889","onkz"
"3991","onkz"
"39921","onkz"
"39922","onkz"
"39923","onkz"
"39924","onkz"
"39925","onkz"
"39926","onkz"
"39927","onkz"
"39928","onkz"
"39929","onkz"
"39931","onkz"
"39932","onkz"
"39933","onkz"
"39934","onkz"
"3994","onkz"
"39951","onkz"
"39952","onkz"
"39953","onkz"
"39954","onkz"
"39955","onkz"
"39956","onkz"
"39957","onkz"
"39959","onkz"
"3996","onkz"
"39971","onkz"
"39972","onkz"
"39973","onkz"
"39975","onkz"
"39976","onkz"
"39977","onkz"
"39978","onkz"
"3998","onkz"
"39991","onkz"
"39992","onkz"
"39993","onkz"
"39994","onkz"
"39995","onkz"
"39996","onkz"
"39997","onkz"
"39998","onkz"
"39999","onkz"
"40","onkz"
"4101","onkz"
"4102","onkz"
"4103","onkz"
"4104","onkz"
"4105","onkz"
"4106","onkz"
"4107","onkz"
"4108","onkz"
"4109","onkz"
"4120","onkz"
"4121","onkz"
"4122","onkz"
"4123","onkz"
"4124","onkz"
"4125","onkz"
"4126","onkz"
"4127","onkz"
"4128","onkz"
"4129","onkz"
"4131","onkz"
"4132","onkz"
"4133","onkz"
"4134","onkz"
"4135","onkz"
"4136","onkz"
"4137","onkz"
"4138","onkz"
"4139","onkz"
"4140","onkz"
"4141","onkz"
"4142","onkz"
"4143","onkz"
"4144","onkz"
"4146","onkz"
"4148","onkz"
"4149","onkz"
"4151","onkz"
"4152","onkz"
"4153","onkz"
"4154","onkz"
"4155","onkz"
"4156","onkz"
"4158","onkz"
"4159","onkz"
"4161","onkz"
"4162","onkz"
"4163","onkz"
"4164","onkz"
"4165","onkz"
"4166","onkz"
"4167","onkz"
"4168","onkz"
"4169","onkz"
"4171","onkz"
"4172","onkz"
"4173","onkz"
"4174","onkz"
"4175","onkz"
"4176","onkz"
"4177","onkz"
"4178","onkz"
"4179","onkz"
"4180","onkz"
"4181","onkz"
"4182","onkz"
"4183","onkz"
"4184","onkz"
"4185","onkz"
"4186","onkz"
"4187","onkz"
"4188","onkz"
"4189","onkz"
"4191","onkz"
"4192","onkz"
"4193","onkz"
"4194","onkz"
"4195","onkz"
"4202","onkz"
"4203","onkz"
"4204","onkz"
"4205","onkz"
"4206","onkz"
"4207","onkz"
"4208","onkz"
"4209","onkz"
"421","onkz"
"4221","onkz"
"4222","onkz"
"4223","onkz"
"4224","onkz"
"4230","onkz"
"4231","onkz"
"4232","onkz"
"4233","onkz"
"4234","onkz"
"4235","onkz"
"4236","onkz"
"4237","onkz"
"4238","onkz"
"4239","onkz"
"4240","onkz"
"4241","onkz"
"4242","onkz"
"4243","onkz"
"4244","onkz"
"4245","onkz"
"4246","onkz"
"4247","onkz"
"4248","onkz"
"4249","onkz"
"4251","onkz"
"4252","onkz"
"4253","onkz"
"4254","onkz"
"4255","onkz"
"4256","onkz"
"4257","onkz"
"4258","onkz"
"4260","onkz"
"4261","onkz"
"4262","onkz"
"4263","onkz"
"4264","onkz"
"4265","onkz"
"4266","onkz"
"4267","onkz"
"4268","onkz"
"4269","onkz"
"4271","onkz"
"4272","onkz"
"4273","onkz"
"4274","onkz"
"4275","onkz"
"4276","onkz"
"4277","onkz"
"4281","onkz"
"4282","onkz"
"4283","onkz"
"4284","onkz"
"4285","onkz"
"4286","onkz"
"4287","onkz"
"4288","onkz"
"4289","onkz"
"4292","onkz"
"4293","onkz"
"4294","onkz"
"4295","onkz"
"4296","onkz"
"4297","onkz"
"4298","onkz"
"4302","onkz"
"4303","onkz"
"4305","onkz"
"4307","onkz"
"4308","onkz"
"431","onkz"
"4320","onkz"
"4321","onkz"
"4322","onkz"
"4323","onkz"
"4324","onkz"
"4326","onkz"
"4327","onkz"
"4328","onkz"
"4329","onkz"
"4330","onkz"
"4331","onkz"
"4332","onkz"
"4333","onkz"
"4334","onkz"
"4335","onkz"
"4336","onkz"
"4337","onkz"
"4338","onkz"
"4339","onkz"
"4340","onkz"
"4342","onkz"
"4343","onkz"
"4344","onkz"
"4346","onkz"
"4347","onkz"
"4348","onkz"
"4349","onkz"
"4351","onkz"
"4352","onkz"
"4353","onkz"
"4354","onkz"
"4355","onkz"
"4356","onkz"
"4357","onkz"
"4358","onkz"
"4361","onkz"
"4362","onkz"
"4363","onkz"
"4364","onkz"
"4365","onkz"
"4366","onkz"
"4367","onkz"
"4371","onkz"
"4372","onkz"
"4381","onkz"
"4382","onkz"
"4383","onkz"
"4384","onkz"
"4385","onkz"
"4392","onkz"
"4393","onkz"
"4394","onkz"
"4401","onkz"
"4402","onkz"
"4403","onkz"
"4404","onkz"
"4405","onkz"
"4406","onkz"
"4407","onkz"
"4408","onkz"
"4409","onkz"
"441","onkz"
"4421","onkz"
"4422","onkz"
"4423","onkz"
"4425","onkz"
"4426","onkz"
"4431","onkz"
"4432","onkz"
"4433","onkz"
"4434","onkz"
"4435","onkz"
"4441","onkz"
"4442","onkz"
"4443","onkz"
"4444","onkz"
"4445","onkz"
"4446","onkz"
"4447","onkz"
"4451","onkz"
"4452","onkz"
"4453","onkz"
"4454","onkz"
"4455","onkz"
"4456","onkz"
"4458","onkz"
"4461","onkz"
"4462","onkz"
"4463","onkz"
"4464","onkz"
"4465","onkz"
"4466","onkz"
"4467","onkz"
"4468","onkz"
"4469","onkz"
"4471","onkz"
"4472","onkz"
"4473","onkz"
"4474","onkz"
"4475","onkz"
"4477","onkz"
"4478","onkz"
"4479","onkz"
"4480","onkz"
"4481","onkz"
"4482","onkz"
"4483","onkz"
"4484","onkz"
"4485","onkz"
"4486","onkz"
"4487","onkz"
"4488","onkz"
"4489","onkz"
"4491","onkz"
"4492","onkz"
"4493","onkz"
"4494","onkz"
"4495","onkz"
"4496","onkz"
"4497","onkz"
"4498","onkz"
"4499","onkz"
"4501","onkz"
"4502","onkz"
"4503","onkz"
"4504","onkz"
"4505","onkz"
"4506","onkz"
"4508","onkz"
"4509","onkz"
"451","onkz"
"4521","onkz"
"4522","onkz"
"4523","onkz"
"4524","onkz"
"4525","onkz"
"4526","onkz"
"4527","onkz"
"4528","onkz"
"4529","onkz"
"4531","onkz"
"4532","onkz"
"4533","onkz"
"4534","onkz"
"4535","onkz"
"4536","onkz"
"4537","onkz"
"4539","onkz"
"4541","onkz"
"4542","onkz"
"4543","onkz"
"4544","onkz"
"4545","onkz"
"4546","onkz"
"4547","onkz"
"4550","onkz"
"4551","onkz"
"4552","onkz"
"4553","onkz"
"4554","onkz"
"4555","onkz"
"4556","onkz"
"4557","onkz"
"4558","onkz"
"4559","onkz"
"4561","onkz"
"4562","onkz"
"4563","onkz"
"4564","onkz"
"4602","onkz"
"4603","onkz"
"4604","onkz"
"4605","onkz"
"4606","onkz"
"4607","onkz"
"4608","onkz"
"4609","onkz"
"461","onkz"
"4621","onkz"
"4622","onkz"
"4623","onkz"
"4624","onkz"
"4625","onkz"
"4626","onkz"
"4627","onkz"
"4630","onkz"
"4631","onkz"
"4632","onkz"
"4633","onkz"
"4634","onkz"
"4635","onkz"
"4636","onkz"
"4637","onkz"
"4638","onkz"
"4639","onkz"
"4641","onkz"
"4642","onkz"
"4643","onkz"
"4644","onkz"
"4646","onkz"
"4651","onkz"
"4661","onkz"
"4662","onkz"
"4663","onkz"
"4664","onkz"
"4665","onkz"
"4666","onkz"
"4667","onkz"
"4668","onkz"
"4671","onkz"
"4672","onkz"
"4673","onkz"
"4674","onkz"
"4681","onkz"
"4682","onkz"
"4683","onkz"
"4684","onkz"
"4702","onkz"
"4703","onkz"
"4704","onkz"
"4705","onkz"
"4706","onkz"
"4707","onkz"
"4708","onkz"
"471","onkz"
"4721","onkz"
"4722","onkz"
"4723","onkz"
"4724","onkz"
"4725","onkz"
"4731","onkz"
"4732","onkz"
"4733","onkz"
"4734","onkz"
"4735","onkz"
"4736","onkz"
"4737","onkz"
"4740","onkz"
"4741","onkz"
"4742","onkz"
"4743","onkz"
"4744","onkz"
"4745","onkz"
"4746","onkz"
"4747","onkz"
"4748","onkz"
"4749","onkz"
"4751","onkz"
"4752","onkz"
"4753","onkz"
"4754","onkz"
"4755","onkz"
"4756","onkz"
"4757","onkz"
"4758","onkz"
"4761","onkz"
"4762","onkz"
"4763","onkz"
"4764","onkz"
"4765","onkz"
"4766","onkz"
"4767","onkz"
"4768","onkz"
"4769","onkz"
"4770","onkz"
"4771","onkz"
"4772","onkz"
"4773","onkz"
"4774","onkz"
"4775","onkz"
"4776","onkz"
"4777","onkz"
"4778","onkz"
"4779","onkz"
"4791","onkz"
"4792","onkz"
"4793","onkz"
"4794","onkz"
"4795","onkz"
"4796","onkz"
"4802","onkz"
"4803","onkz"
"4804","onkz"
"4805","onkz"
"4806","onkz"
"481","onkz"
"4821","onkz"
"4822","onkz"
"4823","onkz"
"4824","onkz"
"4825","onkz"
"4826","onkz"
"4827","onkz"
"4828","onkz"
"4829","onkz"
"4830","onkz"
"4832","onkz"
"4833","onkz"
"4834","onkz"
"4835","onkz"
"4836","onkz"
"4837","onkz"
"4838","onkz"
"4839","onkz"
"4841","onkz"
"4842","onkz"
"4843","onkz"
"4844","onkz"
"4845","onkz"
"4846","onkz"
"4847","onkz"
"4848","onkz"
"4849","onkz"
"4851","onkz"
"4852","onkz"
"4853","onkz"
"4854","onkz"
"4855","onkz"
"4856","onkz"
"4857","onkz"
"4858","onkz"
"4859","onkz"
"4861","onkz"
"4862","onkz"
"4863","onkz"
"4864","onkz"
"4865","onkz"
"4871","onkz"
"4872","onkz"
"4873","onkz"
"4874","onkz"
"4875","onkz"
"4876","onkz"
"4877","onkz"
"4881","onkz"
"4882","onkz"
"4883","onkz"
"4884","onkz"
"4885","onkz"
"4892","onkz"
"4893","onkz"
"4902","onkz"
"4903","onkz"
"491","onkz"
"4920","onkz"
"4921","onkz"
"4922","onkz"
"4923","onkz"
"4924","onkz"
"4925","onkz"
"4926","onkz"
"4927","onkz"
"4928","onkz"
"4929","onkz"
"4931","onkz"
"4932","onkz"
"4933","onkz"
"4934","onkz"
"4935","onkz"
"4936","onkz"
"4938","onkz"
"4939","onkz"
"4941","onkz"
"4942","onkz"
"4943","onkz"
"4944","onkz"
"4945","onkz"
"4946","onkz"
"4947","onkz"
"4948","onkz"
"4950","onkz"
"4951","onkz"
"4952","onkz"
"4953","onkz"
"4954","onkz"
"4955","onkz"
"4956","onkz"
"4957","onkz"
"4958","onkz"
"4959","onkz"
"4961","onkz"
"4962","onkz"
"4963","onkz"
"4964","onkz"
"4965","onkz"
"4966","onkz"
"4967","onkz"
"4968","onkz"
"4971","onkz"
"4972","onkz"
"4973","onkz"
"4974","onkz"
"4975","onkz"
"4976","onkz"
"4977","onkz"
"5021","onkz"
"5022","onkz"
"5023","onkz"
"5024","onkz"
"5025","onkz"
"5026","onkz"
"5027","onkz"
"5028","onkz"
"5031","onkz"
"5032","onkz"
"5033","onkz"
"5034","onkz"
"5035","onkz"
"5036","onkz"
"5037","onkz"
"5041","onkz"
"5042","onkz"
"5043","onkz"
"5044","onkz"
"5045","onkz"
"5051","onkz"
"5052","onkz"
"5053","onkz"
"5054","onkz"
"5055","onkz"
"5056","onkz"
"5060","onkz"
"5062","onkz"
"5063","onkz"
"5064","onkz"
"5065","onkz"
"5066","onkz"
"5067","onkz"
"5068","onkz"
"5069","onkz"
"5071","onkz"
"5072","onkz"
"5073","onkz"
"5074","onkz"
"5082","onkz"
"5083","onkz"
"5084","onkz"
"5085","onkz"
"5086","onkz"
"5101","onkz"
"5102","onkz"
"5103","onkz"
"5105","onkz"
"5108","onkz"
"5109","onkz"
"511","onkz"
"5121","onkz"
"5123","onkz"
"5126","onkz"
"5127","onkz"
"5128","onkz"
"5129","onkz"
"5130","onkz"
"5131","onkz"
"5132","onkz"
"5135","onkz"
"5136","onkz"
"5137","onkz"
"5138","onkz"
"5139","onkz"
"5141","onkz"
"5142","onkz"
"5143","onkz"
"5144","onkz"
"5145","onkz"
"5146","onkz"
"5147","onkz"
"5148","onkz"
"5149","onkz"
"5151","onkz"
"5152","onkz"
"5153","onkz"
"5154","onkz"
"5155","onkz"
"5156","onkz"
"5157","onkz"
"5158","onkz"
"5159","onkz"
"5161","onkz"
"5162","onkz"
"5163","onkz"
"5164","onkz"
"5165","onkz"
"5166","onkz"
"5167","onkz"
"5168","onkz"
"5171","onkz"
"5172","onkz"
"5173","onkz"
"5174","onkz"
"5175","onkz"
"5176","onkz"
"5177","onkz"
"5181","onkz"
"5182","onkz"
"5183","onkz"
"5184","onkz"
"5185","onkz"
"5186","onkz"
"5187","onkz"
"5190","onkz"
"5191","onkz"
"5192","onkz"
"5193","onkz"
"5194","onkz"
"5195","onkz"
"5196","onkz"
"5197","onkz"
"5198","onkz"
"5199","onkz"
"5201","onkz"
"5202","onkz"
"5203","onkz"
"5204","onkz"
"5205","onkz"
"5206","onkz"
"5207","onkz"
"5208","onkz"
"5209","onkz"
"521","onkz"
"5221","onkz"
"5222","onkz"
"5223","onkz"
"5224","onkz"
"5225","onkz"
"5226","onkz"
"5228","onkz"
"5231","onkz"
"5232","onkz"
"5233","onkz"
"5234","onkz"
"5235","onkz"
"5236","onkz"
"5237","onkz"
"5238","onkz"
"5241","onkz"
"5242","onkz"
"5244","onkz"
"5245","onkz"
"5246","onkz"
"5247","onkz"
"5248","onkz"
"5250","onkz"
"5251","onkz"
"5252","onkz"
"5253","onkz"
"5254","onkz"
"5255","onkz"
"5257","onkz"
"5258","onkz"
"5259","onkz"
"5261","onkz"
"5262","onkz"
"5263","onkz"
"5264","onkz"
"5265","onkz"
"5266","onkz"
"5271","onkz"
"5272","onkz"
"5273","onkz"
"5274","onkz"
"5275","onkz"
"5276","onkz"
"5277","onkz"
"5278","onkz"
"5281","onkz"
"5282","onkz"
"5283","onkz"
"5284","onkz"
"5285","onkz"
"5286","onkz"
"5292","onkz"
"5293","onkz"
"5294","onkz"
"5295","onkz"
"5300","onkz"
"5301","onkz"
"5302","onkz"
"5303","onkz"
"5304","onkz"
"5305","onkz"
"5306","onkz"
"5307","onkz"
"5308","onkz"
"5309","onkz"
"531","onkz"
"5320","onkz"
"5321","onkz"
"5322","onkz"
"5323","onkz"
"5324","onkz"
"5325","onkz"
"5326","onkz"
"5327","onkz"
"5328","onkz"
"5329","onkz"
"5331","onkz"
"5332","onkz"
"5333","onkz"
"5334","onkz"
"5335","onkz"
"5336","onkz"
"5337","onkz"
"5339","onkz"
"5341","onkz"
"5344","onkz"
"5345","onkz"
"5346","onkz"
"5347","onkz"
"5351","onkz"
"5352","onkz"
"5353","onkz"
"5354","onkz"
"5355","onkz"
"5356","onkz"
"5357","onkz"
"5358","onkz"
"5361","onkz"
"5362","onkz"
"5363","onkz"
"5364","onkz"
"5365","onkz"
"5366","onkz"
"5367","onkz"
"5368","onkz"
"5371","onkz"
"5372","onkz"
"5373","onkz"
"5374","onkz"
"5375","onkz"
"5376","onkz"
"5377","onkz"
"5378","onkz"
"5379","onkz"
"5381","onkz"
"5382","onkz"
"5383","onkz"
"5384","onkz"
"5401","onkz"
"5402","onkz"
"5403","onkz"
"5404","onkz"
"5405","onkz"
"5406","onkz"
"5407","onkz"
"5409","onkz"
"541","onkz"
"5421","onkz"
"5422","onkz"
"5423","onkz"
"5424","onkz"
"5425","onkz"
"5426","onkz"
"5427","onkz"
"5428","onkz"
"5429","onkz"
"5431","onkz"
"5432","onkz"
"5433","onkz"
"5434","onkz"
"5435","onkz"
"5436","onkz"
"5437","onkz"
"5438","onkz"
"5439","onkz"
"5441","onkz"
"5442","onkz"
"5443","onkz"
"5444","onkz"
"5445","onkz"
"5446","onkz"
"5447","onkz"
"5448","onkz"
"5451","onkz"
"5452","onkz"
"5453","onkz"
"5454","onkz"
"5455","onkz"
"5456","onkz"
"5457","onkz"
"5458","onkz"
"5459","onkz"
"5461","onkz"
"5462","onkz"
"5464","onkz"
"5465","onkz"
"5466","onkz"
"5467","onkz"
"5468","onkz"
"5471","onkz"
"5472","onkz"
"5473","onkz"
"5474","onkz"
"5475","onkz"
"5476","onkz"
"5481","onkz"
"5482","onkz"
"5483","onkz"
"5484","onkz"
"5485","onkz"
"5491","onkz"
"5492","onkz"
"5493","onkz"
"5494","onkz"
"5495","onkz"
"5502","onkz"
"5503","onkz"
"5504","onkz"
"5505","onkz"
"5506","onkz"
"5507","onkz"
"5508","onkz"
"5509","onkz"
"551","onkz"
"5520","onkz"
"5521","onkz"
"5522","onkz"
"5523","onkz"
"5524","onkz"
"5525","onkz"
"5527","onkz"
"5528","onkz"
"5529","onkz"
"5531","onkz"
"5532","onkz"
"5533","onkz"
"5534","onkz"
"5535","onkz"
"5536","onkz"
"5541","onkz"
"5542","onkz"
"5543","onkz"
"5544","onkz"
"5545","onkz"
"5546","onkz"
"5551","onkz"
"5552","onkz"
"5553","onkz"
"5554","onkz"
"5555","onkz"
"5556","onkz"
"5561","onkz"
"5562","onkz"
"5563","onkz"
"5564","onkz"
"5565","onkz"
"5571","onkz"
"5572","onkz"
"5573","onkz"
"5574","onkz"
"5582","onkz"
"5583","onkz"
"5584","onkz"
"5585","onkz"
"5586","onkz"
"5592","onkz"
"5593","onkz"
"5594","onkz"
"5601","onkz"
"5602","onkz"
"5603","onkz"
"5604","onkz"
"5605","onkz"
"5606","onkz"
"5607","onkz"
"5608","onkz"
"5609","onkz"
"561","onkz"
"5621","onkz"
"5622","onkz"
"5623","onkz"
"5624","onkz"
"5625","onkz"
"5626","onkz"
"5631","onkz"
"5632","onkz"
"5633","onkz"
"5634","onkz"
"5635","onkz"
"5636","onkz"
"5641","onkz"
"5642","onkz"
"5643","onkz"
"5644","onkz"
"5645","onkz"
"5646","onkz"
"5647","onkz"
"5648","onkz"
"5650","onkz"
"5651","onkz"
"5652","onkz"
"5653","onkz"
"5654","onkz"
"5655","onkz"
"5656","onkz"
"5657","onkz"
"5658","onkz"
"5659","onkz"
"5661","onkz"
"5662","onkz"
"5663","onkz"
"5664","onkz"
"5665","onkz"
"5671","onkz"
"5672","onkz"
"5673","onkz"
"5674","onkz"
"5675","onkz"
"5676","onkz"
"5677","onkz"
"5681","onkz"
"5682","onkz"
"5683","onkz"
"5684","onkz"
"5685","onkz"
"5686","onkz"
"5691","onkz"
"5692","onkz"
"5693","onkz"
"5694","onkz"
"5695","onkz"
"5696","onkz"
"5702","onkz"
"5703","onkz"
"5704","onkz"
"5705","onkz"
"5706","onkz"
"5707","onkz"
"571","onkz"
"5721","onkz"
"5722","onkz"
"5723","onkz"
"5724","onkz"
"5725","onkz"
"5726","onkz"
"5731","onkz"
"5732","onkz"
"5733","onkz"
"5734","onkz"
"5741","onkz"
"5742","onkz"
"5743","onkz"
"5744","onkz"
"5745","onkz"
"5746","onkz"
"5751","onkz"
"5752","onkz"
"5753","onkz"
"5754","onkz"
"5755","onkz"
"5761","onkz"
"5763","onkz"
"5764","onkz"
"5765","onkz"
"5766","onkz"
"5767","onkz"
"5768","onkz"
"5769","onkz"
"5771","onkz"
"5772","onkz"
"5773","onkz"
"5774","onkz"
"5775","onkz"
"5776","onkz"
"5777","onkz"
"5802","onkz"
"5803","onkz"
"5804","onkz"
"5805","onkz"
"5806","onkz"
"5807","onkz"
"5808","onkz"
"581","onkz"
"5820","onkz"
"5821","onkz"
"5822","onkz"
"5823","onkz"
"5824","onkz"
"5825","onkz"
"5826","onkz"
"5827","onkz"
"5828","onkz"
"5829","onkz"
"5831","onkz"
"5832","onkz"
"5833","onkz"
"5834","onkz"
"5835","onkz"
"5836","onkz"
"5837","onkz"
"5838","onkz"
"5839","onkz"
"5840","onkz"
"5841","onkz"
"5842","onkz"
"5843","onkz"
"5844","onkz"
"5845","onkz"
"5846","onkz"
"5848","onkz"
"5849","onkz"
"5850","onkz"
"5851","onkz"
"5852","onkz"
"5853","onkz"
"5854","onkz"
"5855","onkz"
"5857","onkz"
"5858","onkz"
"5859","onkz"
"5861","onkz"
"5862","onkz"
"5863","onkz"
"5864","onkz"
"5865","onkz"
"5872","onkz"
"5873","onkz"
"5874","onkz"
"5875","onkz"
"5882","onkz"
"5883","onkz"
"5901","onkz"
"5902","onkz"
"5903","onkz"
"5904","onkz"
"5905","onkz"
"5906","onkz"
"5907","onkz"
"5908","onkz"
"5909","onkz"
"591","onkz"
"5921","onkz"
"5922","onkz"
"5923","onkz"
"5924","onkz"
"5925","onkz"
"5926","onkz"
"5931","onkz"
"5932","onkz"
"5933","onkz"
"5934","onkz"
"5935","onkz"
"5936","onkz"
"5937","onkz"
"5939","onkz"
"5941","onkz"
"5942","onkz"
"5943","onkz"
"5944","onkz"
"5945","onkz"
"5946","onkz"
"5947","onkz"
"5948","onkz"
"5951","onkz"
"5952","onkz"
"5953","onkz"
"5954","onkz"
"5955","onkz"
"5956","onkz"
"5957","onkz"
"5961","onkz"
"5962","onkz"
"5963","onkz"
"5964","onkz"
"5965","onkz"
"5966","onkz"
"5971","onkz"
"5973","onkz"
"5975","onkz"
"5976","onkz"
"5977","onkz"
"5978","onkz"
"6002","onkz"
"6003","onkz"
"6004","onkz"
"6007","onkz"
"6008","onkz"
"6020","onkz"
"6021","onkz"
"6022","onkz"
"6023","onkz"
"6024","onkz"
"6026","onkz"
"6027","onkz"
"6028","onkz"
"6029","onkz"
"6031","onkz"
"6032","onkz"
"6033","onkz"
"6034","onkz"
"6035","onkz"
"6036","onkz"
"6039","onkz"
"6041","onkz"
"6042","onkz"
"6043","onkz"
"6044","onkz"
"6045","onkz"
"6046","onkz"
"6047","onkz"
"6048","onkz"
"6049","onkz"
"6050","onkz"
"6051","onkz"
"6052","onkz"
"6053","onkz"
"6054","onkz"
"6055","onkz"
"6056","onkz"
"6057","onkz"
"6058","onkz"
"6059","onkz"
"6061","onkz"
"6062","onkz"
"6063","onkz"
"6066","onkz"
"6068","onkz"
"6071","onkz"
"6073","onkz"
"6074","onkz"
"6078","onkz"
"6081","onkz"
"6082","onkz"
"6083","onkz"
"6084","onkz"
"6085","onkz"
"6086","onkz"
"6087","onkz"
"6092","onkz"
"6093","onkz"
"6094","onkz"
"6095","onkz"
"6096","onkz"
"6101","onkz"
"6102","onkz"
"6103","onkz"
"6104","onkz"
"6105","onkz"
"6106","onkz"
"6107","onkz"
"6108","onkz"
"6109","onkz"
"611","onkz"
"6120","onkz"
"6122","onkz"
"6123","onkz"
"6124","onkz"
"6126","onkz"
"6127","onkz"
"6128","onkz"
"6129","onkz"
"6130","onkz"
"6131","onkz"
"6132","onkz"
"6133","onkz"
"6134","onkz"
"6135","onkz"
"6136","onkz"
"6138","onkz"
"6139","onkz"
"6142","onkz"
"6144","onkz"
"6145","onkz"
"6146","onkz"
"6147","onkz"
"6150","onkz"
"6151","onkz"
"6152","onkz"
"6154","onkz"
"6155","onkz"
"6157","onkz"
"6158","onkz"
"6159","onkz"
"6161","onkz"
"6162","onkz"
"6163","onkz"
"6164","onkz"
"6165","onkz"
"6166","onkz"
"6167","onkz"
"6171","onkz"
"6172","onkz"
"6173","onkz"
"6174","onkz"
"6175","onkz"
"6181","onkz"
"6182","onkz"
"6183","onkz"
"6184","onkz"
"6185","onkz"
"6186","onkz"
"6187","onkz"
"6188","onkz"
"6190","onkz"
"6192","onkz"
"6195","onkz"
"6196","onkz"
"6198","onkz"
"6201","onkz"
"6202","onkz"
"6203","onkz"
"6204","onkz"
"6205","onkz"
"6206","onkz"
"6207","onkz"
"6209","onkz"
"621","onkz"
"6220","onkz"
"6221","onkz"
"6222","onkz"
"6223","onkz"
"6224","onkz"
"6226","onkz"
"6227","onkz"
"6228","onkz"
"6229","onkz"
"6231","onkz"
"6232","onkz"
"6233","onkz"
"6234","onkz"
"6235","onkz"
"6236","onkz"
"6237","onkz"
"6238","onkz"
"6239","onkz"
"6241","onkz"
"6242","onkz"
"6243","onkz"
"6244","onkz"
"6245","onkz"
"6246","onkz"
"6247","onkz"
"6249","onkz"
"6251","onkz"
"6252","onkz"
"6253","onkz"
"6254","onkz"
"6255","onkz"
"6256","onkz"
"6257","onkz"
"6258","onkz"
"6261","onkz"
"6262","onkz"
"6263","onkz"
"6264","onkz"
"6265","onkz"
"6266","onkz"
"6267","onkz"
"6268","onkz"
"6269","onkz"
"6271","onkz"
"6272","onkz"
"6274","onkz"
"6275","onkz"
"6276","onkz"
"6281","onkz"
"6282","onkz"
"6283","onkz"
"6284","onkz"
"6285","onkz"
"6286","onkz"
"6287","onkz"
"6291","onkz"
"6292","onkz"
"6293","onkz"
"6294","onkz"
"6295","onkz"
"6296","onkz"
"6297","onkz"
"6298","onkz"
"6301","onkz"
"6302","onkz"
"6303","onkz"
"6304","onkz"
"6305","onkz"
"6306","onkz"
"6307","onkz"
"6308","onkz"
"631","onkz"
"6321","onkz"
"6322","onkz"
"6323","onkz"
"6324","onkz"
"6325","onkz"
"6326","onkz"
"6327","onkz"
"6328","onkz"
"6329","onkz"
"6331","onkz"
"6332","onkz"
"6333","onkz"
"6334","onkz"
"6335","onkz"
"6336","onkz"
"6337","onkz"
"6338","onkz"
"6339","onkz"
"6340","onkz"
"6341","onkz"
"6342","onkz"
"6343","onkz"
"6344","onkz"
"6345","onkz"
"6346","onkz"
"6347","onkz"
"6348","onkz"
"6349","onkz"
"6351","onkz"
"6352","onkz"
"6353","onkz"
"6355","onkz"
"6356","onkz"
"6357","onkz"
"6358","onkz"
"6359","onkz"
"6361","onkz"
"6362","onkz"
"6363","onkz"
"6364","onkz"
"6371","onkz"
"6372","onkz"
"6373","onkz"
"6374","onkz"
"6375","onkz"
"6381","onkz"
"6382","onkz"
"6383","onkz"
"6384","onkz"
"6385","onkz"
"6386","onkz"
"6387","onkz"
"6391","onkz"
"6392","onkz"
"6393","onkz"
"6394","onkz"
"6395","onkz"
"6396","onkz"
"6397","onkz"
"6398","onkz"
"6400","onkz"
"6401","onkz"
"6402","onkz"
"6403","onkz"
"6404","onkz"
"6405","onkz"
"6406","onkz"
"6407","onkz"
"6408","onkz"
"6409","onkz"
"641","onkz"
"6420","onkz"
"6421","onkz"
"6422","onkz"
"6423","onkz"
"6424","onkz"
"6425","onkz"
"6426","onkz"
"6427","onkz"
"6428","onkz"
"6429","onkz"
"6430","onkz"
"6431","onkz"
"6432","onkz"
"6433","onkz"
"6434","onkz"
"6435","onkz"
"6436","onkz"
"6438","onkz"
"6439","onkz"
"6440","onkz"
"6441","onkz"
"6442","onkz"
"6443","onkz"
"6444","onkz"
"6445","onkz"
"6446","onkz"
"6447","onkz"
"6449","onkz"
"6451","onkz"
"6452","onkz"
"6453","onkz"
"6454","onkz"
"6455","onkz"
"6456","onkz"
"6457","onkz"
"6458","onkz"
"6461","onkz"
"6462","onkz"
"6464","onkz"
"6465","onkz"
"6466","onkz"
"6467","onkz"
"6468","onkz"
"6471","onkz"
"6472","onkz"
"6473","onkz"
"6474","onkz"
"6475","onkz"
"6476","onkz"
"6477","onkz"
"6478","onkz"
"6479","onkz"
"6482","onkz"
"6483","onkz"
"6484","onkz"
"6485","onkz"
"6486","onkz"
"6500","onkz"
"6501","onkz"
"6502","onkz"
"6503","onkz"
"6504","onkz"
"6505","onkz"
"6506","onkz"
"6507","onkz"
"6508","onkz"
"6509","onkz"
"651","onkz"
"6522","onkz"
"6523","onkz"
"6524","onkz"
"6525","onkz"
"6526","onkz"
"6527","onkz"
"6531","onkz"
"6532","onkz"
"6533","onkz"
"6534","onkz"
"6535","onkz"
"6536","onkz"
"6541","onkz"
"6542","onkz"
"6543","onkz"
"6544","onkz"
"6545","onkz"
"6550","onkz"
"6551","onkz"
"6552","onkz"
"6553","onkz"
"6554","onkz"
"6555","onkz"
"6556","onkz"
"6557","onkz"
"6558","onkz"
"6559","onkz"
"6561","onkz"
"6562","onkz"
"6563","onkz"
"6564","onkz"
"6565","onkz"
"6566","onkz"
"6567","onkz"
"6568","onkz"
"6569","onkz"
"6571","onkz"
"6572","onkz"
"6573","onkz"
"6574","onkz"
"6575","onkz"
"6578","onkz"
"6580","onkz"
"6581","onkz"
"6582","onkz"
"6583","onkz"
"6584","onkz"
"6585","onkz"
"6586","onkz"
"6587","onkz"
"6588","onkz"
"6589","onkz"
"6591","onkz"
"6592","onkz"
"6593","onkz"
"6594","onkz"
"6595","onkz"
"6596","onkz"
"6597","onkz"
"6599","onkz"
"661","onkz"
"6620","onkz"
"6621","onkz"
"6622","onkz"
"6623","onkz"
"6624","onkz"
"6625","onkz"
"6626","onkz"
"6627","onkz"
"6628","onkz"
"6629","onkz"
"6630","onkz"
"6631","onkz"
"6633","onkz"
"6634","onkz"
"6635","onkz"
"6636","onkz"
"6637","onkz"
"6638","onkz"
"6639","onkz"
"6641","onkz"
"6642","onkz"
"6643","onkz"
"6644","onkz"
"6645","onkz"
"6646","onkz"
"6647","onkz"
"6648","onkz"
"6650","onkz"
"6651","onkz"
"6652","onkz"
"6653","onkz"
"6654","onkz"
"6655","onkz"
"6656","onkz"
"6657","onkz"
"6658","onkz"
"6659","onkz"
"6660","onkz"
"6661","onkz"
"6663","onkz"
"6664","onkz"
"6665","onkz"
"6666","onkz"
"6667","onkz"
"6668","onkz"
"6669","onkz"
"6670","onkz"
"6672","onkz"
"6673","onkz"
"6674","onkz"
"6675","onkz"
"6676","onkz"
"6677","onkz"
"6678","onkz"
"6681","onkz"
"6682","onkz"
"6683","onkz"
"6684","onkz"
"6691","onkz"
"6692","onkz"
"6693","onkz"
"6694","onkz"
"6695","onkz"
"6696","onkz"
"6697","onkz"
"6698","onkz"
"6701","onkz"
"6703","onkz"
"6704","onkz"
"6706","onkz"
"6707","onkz"
"6708","onkz"
"6709","onkz"
"671","onkz"
"6721","onkz"
"6722","onkz"
"6723","onkz"
"6724","onkz"
"6725","onkz"
"6726","onkz"
"6727","onkz"
"6728","onkz"
"6731","onkz"
"6732","onkz"
"6733","onkz"
"6734","onkz"
"6735","onkz"
"6736","onkz"
"6737","onkz"
"6741","onkz"
"6742","onkz"
"6743","onkz"
"6744","onkz"
"6745","onkz"
"6746","onkz"
"6747","onkz"
"6751","onkz"
"6752","onkz"
"6753","onkz"
"6754","onkz"
"6755","onkz"
"6756","onkz"
"6757","onkz"
"6758","onkz"
"6761","onkz"
"6762","onkz"
"6763","onkz"
"6764","onkz"
"6765","onkz"
"6766","onkz"
"6771","onkz"
"6772","onkz"
"6773","onkz"
"6774","onkz"
"6775","onkz"
"6776","onkz"
"6781","onkz"
"6782","onkz"
"6783","onkz"
"6784","onkz"
"6785","onkz"
"6786","onkz"
"6787","onkz"
"6788","onkz"
"6789","onkz"
"6802","onkz"
"6803","onkz"
"6804","onkz"
"6805","onkz"
"6806","onkz"
"6809","onkz"
"681","onkz"
"6821","onkz"
"6824","onkz"
"6825","onkz"
"6826","onkz"
"6827","onkz"
"6831","onkz"
"6832","onkz"
"6833","onkz"
"6834","onkz"
"6835","onkz"
"6836","onkz"
"6837","onkz"
"6838","onkz"
"6841","onkz"
"6842","onkz"
"6843","onkz"
"6844","onkz"
"6848","onkz"
"6849","onkz"
"6851","onkz"
"6852","onkz"
"6853","onkz"
"6854","onkz"
"6855","onkz"
"6856","onkz"
"6857","onkz"
"6858","onkz"
"6861","onkz"
"6864","onkz"
"6865","onkz"
"6866","onkz"
"6867","onkz"
"6868","onkz"
"6869","onkz"
"6871","onkz"
"6872","onkz"
"6873","onkz"
"6874","onkz"
"6875","onkz"
"6876","onkz"
"6881","onkz"
"6887","onkz"
"6888","onkz"
"6893","onkz"
"6894","onkz"
"6897","onkz"
"6898","onkz"
"69","onkz"
"7021","onkz"
"7022","onkz"
"7023","onkz"
"7024","onkz"
"7025","onkz"
"7026","onkz"
"7031","onkz"
"7032","onkz"
"7033","onkz"
"7034","onkz"
"7041","onkz"
"7042","onkz"
"7043","onkz"
"7044","onkz"
"7045","onkz"
"7046","onkz"
"7051","onkz"
"7052","onkz"
"7053","onkz"
"7054","onkz"
"7055","onkz"
"7056","onkz"
"7062","onkz"
"7063","onkz"
"7066","onkz"
"7071","onkz"
"7072","onkz"
"7073","onkz"
"7081","onkz"
"7082","onkz"
"7083","onkz"
"7084","onkz"
"7085","onkz"
"711","onkz"
"7121","onkz"
"7122","onkz"
"7123","onkz"
"7124","onkz"
"7125","onkz"
"7126","onkz"
"7127","onkz"
"7128","onkz"
"7129","onkz"
"7130","onkz"
"7131","onkz"
"7132","onkz"
"7133","onkz"
"7134","onkz"
"7135","onkz"
"7136","onkz"
"7138","onkz"
"7139","onkz"
"7141","onkz"
"7142","onkz"
"7143","onkz"
"7144","onkz"
"7145","onkz"
"7146","onkz"
"7147","onkz"
"7148","onkz"
"7150","onkz"
"7151","onkz"
"7152","onkz"
"7153","onkz"
"7154","onkz"
"7156","onkz"
"7157","onkz"
"7158","onkz"
"7159","onkz"
"7161","onkz"
"7162","onkz"
"7163","onkz"
"7164","onkz"
"7165","onkz"
"7166","onkz"
"7171","onkz"
"7172","onkz"
"7173","onkz"
"7174","onkz"
"7175","onkz"
"7176","onkz"
"7181","onkz"
"7182","onkz"
"7183","onkz"
"7184","onkz"
"7191","onkz"
"7192","onkz"
"7193","onkz"
"7194","onkz"
"7195","onkz"
"7202","onkz"
"7203","onkz"
"7204","onkz"
"721","onkz"
"7220","onkz"
"7221","onkz"
"7222","onkz"
"7223","onkz"
"7224","onkz"
"7225","onkz"
"7226","onkz"
"7227","onkz"
"7228","onkz"
"7229","onkz"
"7231","onkz"
"7232","onkz"
"7233","onkz"
"7234","onkz"
"7235","onkz"
"7236","onkz"
"7237","onkz"
"7240","onkz"
"7242","onkz"
"7243","onkz"
"7244","onkz"
"7245","onkz"
"7246","onkz"
"7247","onkz"
"7248","onkz"
"7249","onkz"
"7250","onkz"
"7251","onkz"
"7252","onkz"
"7253","onkz"
"7254","onkz"
"7255","onkz"
"7256","onkz"
"7257","onkz"
"7258","onkz"
"7259","onkz"
"7260","onkz"
"7261","onkz"
"7262","onkz"
"7263","onkz"
"7264","onkz"
"7265","onkz"
"7266","onkz"
"7267","onkz"
"7268","onkz"
"7269","onkz"
"7271","onkz"
"7272","onkz"
"7273","onkz"
"7274","onkz"
"7275","onkz"
"7276","onkz"
"7277","onkz"
"7300","onkz"
"7302","onkz"
"7303","onkz"
"7304","onkz"
"7305","onkz"
"7306","onkz"
"7307","onkz"
"7308","onkz"
"7309","onkz"
"731","onkz"
"7321","onkz"
"7322","onkz"
"7323","onkz"
"7324","onkz"
"7325","onkz"
"7326","onkz"
"7327","onkz"
"7328","onkz"
"7329","onkz"
"7331","onkz"
"7332","onkz"
"7333","onkz"
"7334","onkz"
"7335","onkz"
"7336","onkz"
"7337","onkz"
"7340","onkz"
"7343","onkz"
"7344","onkz"
"7345","onkz"
"7346","onkz"
"7347","onkz"
"7348","onkz"
"7351","onkz"
"7352","onkz"
"7353","onkz"
"7354","onkz"
"7355","onkz"
"7356","onkz"
"7357","onkz"
"7358","onkz"
"7361","onkz"
"7362","onkz"
"7363","onkz"
"7364","onkz"
"7365","onkz"
"7366","onkz"
"7367","onkz"
"7371","onkz"
"7373","onkz"
"7374","onkz"
"7375","onkz"
"7376","onkz"
"7381","onkz"
"7382","onkz"
"7383","onkz"
"7384","onkz"
"7385","onkz"
"7386","onkz"
"7387","onkz"
"7388","onkz"
"7389","onkz"
"7391","onkz"
"7392","onkz"
"7393","onkz"
"7394","onkz"
"7395","onkz"
"7402","onkz"
"7403","onkz"
"7404","onkz"
"741","onkz"
"7420","onkz"
"7422","onkz"
"7423","onkz"
"7424","onkz"
"7425","onkz"
"7426","onkz"
"7427","onkz"
"7428","onkz"
"7429","onkz"
"7431","onkz"
"7432","onkz"
"7433","onkz"
"7434","onkz"
"7435","onkz"
"7436","onkz"
"7440","onkz"
"7441","onkz"
"7442","onkz"
"7443","onkz"
"7444","onkz"
"7445","onkz"
"7446","onkz"
"7447","onkz"
"7448","onkz"
"7449","onkz"
"7451","onkz"
"7452","onkz"
"7453","onkz"
"7454","onkz"
"7455","onkz"
"7456","onkz"
"7457","onkz"
"7458","onkz"
"7459","onkz"
"7461","onkz"
"7462","onkz"
"7463","onkz"
"7464","onkz"
"7465","onkz"
"7466","onkz"
"7467","onkz"
"7471","onkz"
"7472","onkz"
"7473","onkz"
"7474","onkz"
"7475","onkz"
"7476","onkz"
"7477","onkz"
"7478","onkz"
"7482","onkz"
"7483","onkz"
"7484","onkz"
"7485","onkz"
"7486","onkz"
"7502","onkz"
"7503","onkz"
"7504","onkz"
"7505","onkz"
"7506","onkz"
"751","onkz"
"7520","onkz"
"7522","onkz"
"7524","onkz"
"7525","onkz"
"7527","onkz"
"7528","onkz"
"7529","onkz"
"7531","onkz"
"7532","onkz"
"7533","onkz"
"7534","onkz"
"7541","onkz"
"7542","onkz"
"7543","onkz"
"7544","onkz"
"7545","onkz"
"7546","onkz"
"7551","onkz"
"7552","onkz"
"7553","onkz"
"7554","onkz"
"7555","onkz"
"7556","onkz"
"7557","onkz"
"7558","onkz"
"7561","onkz"
"7562","onkz"
"7563","onkz"
"7564","onkz"
"7565","onkz"
"7566","onkz"
"7567","onkz"
"7568","onkz"
"7569","onkz"
"7570","onkz"
"7571","onkz"
"7572","onkz"
"7573","onkz"
"7574","onkz"
"7575","onkz"
"7576","onkz"
"7577","onkz"
"7578","onkz"
"7579","onkz"
"7581","onkz"
"7582","onkz"
"7583","onkz"
"7584","onkz"
"7585","onkz"
"7586","onkz"
"7587","onkz"
"7602","onkz"
"761","onkz"
"7620","onkz"
"7621","onkz"
"7622","onkz"
"7623","onkz"
"7624","onkz"
"7625","onkz"
"7626","onkz"
"7627","onkz"
"7628","onkz"
"7629","onkz"
"7631","onkz"
"7632","onkz"
"7633","onkz"
"7634","onkz"
"7635","onkz"
"7636","onkz"
"7641","onkz"
"7642","onkz"
"7643","onkz"
"7644","onkz"
"7645","onkz"
"7646","onkz"
"7651","onkz"
"7652","onkz"
"7653","onkz"
"7654","onkz"
"7655","onkz"
"7656","onkz"
"7657","onkz"
"7660","onkz"
"7661","onkz"
"7662","onkz"
"7663","onkz"
"7664","onkz"
"7665","onkz"
"7666","onkz"
"7667","onkz"
"7668","onkz"
"7669","onkz"
"7671","onkz"
"7672","onkz"
"7673","onkz"
"7674","onkz"
"7675","onkz"
"7676","onkz"
"7681","onkz"
"7682","onkz"
"7683","onkz"
"7684","onkz"
"7685","onkz"
"7702","onkz"
"7703","onkz"
"7704","onkz"
"7705","onkz"
"7706","onkz"
"7707","onkz"
"7708","onkz"
"7709","onkz"
"771","onkz"
"7720","onkz"
"7721","onkz"
"7722","onkz"
"7723","onkz"
"7724","onkz"
"7725","onkz"
"7726","onkz"
"7727","onkz"
"7728","onkz"
"7729","onkz"
"7731","onkz"
"7732","onkz"
"7733","onkz"
"7734","onkz"
"7735","onkz"
"7736","onkz"
"7738","onkz"
"7739","onkz"
"7741","onkz"
"7742","onkz"
"7743","onkz"
"7744","onkz"
"7745","onkz"
"7746","onkz"
"7747","onkz"
"7748","onkz"
"7751","onkz"
"7753","onkz"
"7754","onkz"
"7755","onkz"
"7761","onkz"
"7762","onkz"
"7763","onkz"
"7764","onkz"
"7765","onkz"
"7771","onkz"
"7773","onkz"
"7774","onkz"
"7775","onkz"
"7777","onkz"
"7802","onkz"
"7803","onkz"
"7804","onkz"
"7805","onkz"
"7806","onkz"
"7807","onkz"
"7808","onkz"
"781","onkz"
"7821","onkz"
"7822","onkz"
"7823","onkz"
"7824","onkz"
"7825","onkz"
"7826","onkz"
"7831","onkz"
"7832","onkz"
"7833","onkz"
"7834","onkz"
"7835","onkz"
"7836","onkz"
"7837","onkz"
"7838","onkz"
"7839","onkz"
"7841","onkz"
"7842","onkz"
"7843","onkz"
"7844","onkz"
"7851","onkz"
"7852","onkz"
"7853","onkz"
"7854","onkz"
"7903","onkz"
"7904","onkz"
"7905","onkz"
"7906","onkz"
"7907","onkz"
"791","onkz"
"7930","onkz"
"7931","onkz"
"7932","onkz"
"7933","onkz"
"7934","onkz"
"7935","onkz"
"7936","onkz"
"7937","onkz"
"7938","onkz"
"7939","onkz"
"7940","onkz"
"7941","onkz"
"7942","onkz"
"7943","onkz"
"7944","onkz"
"7945","onkz"
"7946","onkz"
"7947","onkz"
"7948","onkz"
"7949","onkz"
"7950","onkz"
"7951","onkz"
"7952","onkz"
"7953","onkz"
"7954","onkz"
"7955","onkz"
"7957","onkz"
"7958","onkz"
"7959","onkz"
"7961","onkz"
"7962","onkz"
"7963","onkz"
"7964","onkz"
"7965","onkz"
"7966","onkz"
"7967","onkz"
"7971","onkz"
"7972","onkz"
"7973","onkz"
"7974","onkz"
"7975","onkz"
"7976","onkz"
"7977","onkz"
"8020","onkz"
"8021","onkz"
"8022","onkz"
"8023","onkz"
"8024","onkz"
"8025","onkz"
"8026","onkz"
"8027","onkz"
"8028","onkz"
"8029","onkz"
"8031","onkz"
"8032","onkz"
"8033","onkz"
"8034","onkz"
"8035","onkz"
"8036","onkz"
"8038","onkz"
"8039","onkz"
"8041","onkz"
"8042","onkz"
"8043","onkz"
"8045","onkz"
"8046","onkz"
"8051","onkz"
"8052","onkz"
"8053","onkz"
"8054","onkz"
"8055","onkz"
"8056","onkz"
"8057","onkz"
"8061","onkz"
"8062","onkz"
"8063","onkz"
"8064","onkz"
"8065","onkz"
"8066","onkz"
"8067","onkz"
"8071","onkz"
"8072","onkz"
"8073","onkz"
"8074","onkz"
"8075","onkz"
"8076","onkz"
"8081","onkz"
"8082","onkz"
"8083","onkz"
"8084","onkz"
"8085","onkz"
"8086","onkz"
"8091","onkz"
"8092","onkz"
"8093","onkz"
"8094","onkz"
"8095","onkz"
"8102","onkz"
"8104","onkz"
"8105","onkz"
"8106","onkz"
"811","onkz"
"8121","onkz"
"8122","onkz"
"8123","onkz"
"8124","onkz"
"8131","onkz"
"8133","onkz"
"8134","onkz"
"8135","onkz"
"8136","onkz"
"8137","onkz"
"8138","onkz"
"8139","onkz"
"8141","onkz"
"8142","onkz"
"8143","onkz"
"8144","onkz"
"8145","onkz"
"8146","onkz"
"8151","onkz"
"8152","onkz"
"8153","onkz"
"8157","onkz"
"8158","onkz"
"8161","onkz"
"8165","onkz"
"8166","onkz"
"8167","onkz"
"8168","onkz"
"8170","onkz"
"8171","onkz"
"8176","onkz"
"8177","onkz"
"8178","onkz"
"8179","onkz"
"8191","onkz"
"8192","onkz"
"8193","onkz"
"8194","onkz"
"8195","onkz"
"8196","onkz"
"8202","onkz"
"8203","onkz"
"8204","onkz"
"8205","onkz"
"8206","onkz"
"8207","onkz"
"8208","onkz"
"821","onkz"
"8221","onkz"
"8222","onkz"
"8223","onkz"
"8224","onkz"
"8225","onkz"
"8226","onkz"
"8230","onkz"
"8231","onkz"
"8232","onkz"
"8233","onkz"
"8234","onkz"
"8236","onkz"
"8237","onkz"
"8238","onkz"
"8239","onkz"
"8241","onkz"
"8243","onkz"
"8245","onkz"
"8246","onkz"
"8247","onkz"
"8248","onkz"
"8249","onkz"
"8250","onkz"
"8251","onkz"
"8252","onkz"
"8253","onkz"
"8254","onkz"
"8257","onkz"
"8258","onkz"
"8259","onkz"
"8261","onkz"
"8262","onkz"
"8263","onkz"
"8265","onkz"
"8266","onkz"
"8267","onkz"
"8268","onkz"
"8269","onkz"
"8271","onkz"
"8272","onkz"
"8273","onkz"
"8274","onkz"
"8276","onkz"
"8281","onkz"
"8282","onkz"
"8283","onkz"
"8284","onkz"
"8285","onkz"
"8291","onkz"
"8292","onkz"
"8293","onkz"
"8294","onkz"
"8295","onkz"
"8296","onkz"
"8302","onkz"
"8303","onkz"
"8304","onkz"
"8306","onkz"
"831","onkz"
"8320","onkz"
"8321","onkz"
"8322","onkz"
"8323","onkz"
"8324","onkz"
"8325","onkz"
"8326","onkz"
"8327","onkz"
"8328","onkz"
"8330","onkz"
"8331","onkz"
"8332","onkz"
"8333","onkz"
"8334","onkz"
"8335","onkz"
"8336","onkz"
"8337","onkz"
"8338","onkz"
"8340","onkz"
"8341","onkz"
"8342","onkz"
"8343","onkz"
"8344","onkz"
"8345","onkz"
"8346","onkz"
"8347","onkz"
"8348","onkz"
"8349","onkz"
"8361","onkz"
"8362","onkz"
"8363","onkz"
"8364","onkz"
"8365","onkz"
"8366","onkz"
"8367","onkz"
"8368","onkz"
"8369","onkz"
"8370","onkz"
"8372","onkz"
"8373","onkz"
"8374","onkz"
"8375","onkz"
"8376","onkz"
"8377","onkz"
"8378","onkz"
"8379","onkz"
"8380","onkz"
"8381","onkz"
"8382","onkz"
"8383","onkz"
"8384","onkz"
"8385","onkz"
"8386","onkz"
"8387","onkz"
"8388","onkz"
"8389","onkz"
"8392","onkz"
"8393","onkz"
"8394","onkz"
"8395","onkz"
"8402","onkz"
"8403","onkz"
"8404","onkz"
"8405","onkz"
"8406","onkz"
"8407","onkz"
"841","onkz"
"8421","onkz"
"8422","onkz"
"8423","onkz"
"8424","onkz"
"8426","onkz"
"8427","onkz"
"8431","onkz"
"8432","onkz"
"8433","onkz"
"8434","onkz"
"8435","onkz"
"8441","onkz"
"8442","onkz"
"8443","onkz"
"8444","onkz"
"8445","onkz"
"8446","onkz"
"8450","onkz"
"8452","onkz"
"8453","onkz"
"8454","onkz"
"8456","onkz"
"8457","onkz"
"8458","onkz"
"8459","onkz"
"8460","onkz"
"8461","onkz"
"8462","onkz"
"8463","onkz"
"8464","onkz"
"8465","onkz"
"8466","onkz"
"8467","onkz"
"8468","onkz"
"8469","onkz"
"8501","onkz"
"8502","onkz"
"8503","onkz"
"8504","onkz"
"8505","onkz"
"8506","onkz"
"8507","onkz"
"8509","onkz"
"851","onkz"
"8531","onkz"
"8532","onkz"
"8533","onkz"
"8534","onkz"
"8535","onkz"
"8536","onkz"
"8537","onkz"
"8538","onkz"
"8541","onkz"
"8542","onkz"
"8543","onkz"
"8544","onkz"
"8545","onkz"
"8546","onkz"
"8547","onkz"
"8548","onkz"
"8549","onkz"
"8550","onkz"
"8551","onkz"
"8552","onkz"
"8553","onkz"
"8554","onkz"
"8555","onkz"
"8556","onkz"
"8557","onkz"
"8558","onkz"
"8561","onkz"
"8562","onkz"
"8563","onkz"
"8564","onkz"
"8565","onkz"
"8571","onkz"
"8572","onkz"
"8573","onkz"
"8574","onkz"
"8581","onkz"
"8582","onkz"
"8583","onkz"
"8584","onkz"
"8585","onkz"
"8586","onkz"
"8591","onkz"
"8592","onkz"
"8593","onkz"
"861","onkz"
"8621","onkz"
"8622","onkz"
"8623","onkz"
"8624","onkz"
"8628","onkz"
"8629","onkz"
"8630","onkz"
"8631","onkz"
"8633","onkz"
"8634","onkz"
"8635","onkz"
"8636","onkz"
"8637","onkz"
"8638","onkz"
"8639","onkz"
"8640","onkz"
"8641","onkz"
"8642","onkz"
"8649","onkz"
"8650","onkz"
"8651","onkz"
"8652","onkz"
"8654","onkz"
"8656","onkz"
"8657","onkz"
"8661","onkz"
"8662","onkz"
"8663","onkz"
"8664","onkz"
"8665","onkz"
"8666","onkz"
"8667","onkz"
"8669","onkz"
"8670","onkz"
"8671","onkz"
"8677","onkz"
"8678","onkz"
"8679","onkz"
"8681","onkz"
"8682","onkz"
"8683","onkz"
"8684","onkz"
"8685","onkz"
"8686","onkz"
"8687","onkz"
"8702","onkz"
"8703","onkz"
"8704","onkz"
"8705","onkz"
"8706","onkz"
"8707","onkz"
"8708","onkz"
"8709","onkz"
"871","onkz"
"8721","onkz"
"8722","onkz"
"8723","onkz"
"8724","onkz"
"8725","onkz"
"8726","onkz"
"8727","onkz"
"8728","onkz"
"8731","onkz"
"8732","onkz"
"8733","onkz"
"8734","onkz"
"8735","onkz"
"8741","onkz"
"8742","onkz"
"8743","onkz"
"8744","onkz"
"8745","onkz"
"8751","onkz"
"8752","onkz"
"8753","onkz"
"8754","onkz"
"8756","onkz"
"8761","onkz"
"8762","onkz"
"8764","onkz"
"8765","onkz"
"8766","onkz"
"8771","onkz"
"8772","onkz"
"8773","onkz"
"8774","onkz"
"8781","onkz"
"8782","onkz"
"8783","onkz"
"8784","onkz"
"8785","onkz"
"8801","onkz"
"8802","onkz"
"8803","onkz"
"8805","onkz"
"8806","onkz"
"8807","onkz"
"8808","onkz"
"8809","onkz"
"881","onkz"
"8821","onkz"
"8822","onkz"
"8823","onkz"
"8824","onkz"
"8825","onkz"
"8841","onkz"
"8845","onkz"
"8846","onkz"
"8847","onkz"
"8851","onkz"
"8856","onkz"
"8857","onkz"
"8858","onkz"
"8860","onkz"
"8861","onkz"
"8862","onkz"
"8867","onkz"
"8868","onkz"
"8869","onkz"
"89","onkz"
"906","onkz"
"9070","onkz"
"9071","onkz"
"9072","onkz"
"9073","onkz"
"9074","onkz"
"9075","onkz"
"9076","onkz"
"9077","onkz"
"9078","onkz"
"9080","onkz"
"9081","onkz"
"9082","onkz"
"9083","onkz"
"9084","onkz"
"9085","onkz"
"9086","onkz"
"9087","onkz"
"9088","onkz"
"9089","onkz"
"9090","onkz"
"9091","onkz"
"9092","onkz"
"9093","onkz"
"9094","onkz"
"9097","onkz"
"9099","onkz"
"9101","onkz"
"9102","onkz"
"9103","onkz"
"9104","onkz"
"9105","onkz"
"9106","onkz"
"9107","onkz"
"911","onkz"
"9120","onkz"
"9122","onkz"
"9123","onkz"
"9126","onkz"
"9127","onkz"
"9128","onkz"
"9129","onkz"
"9131","onkz"
"9132","onkz"
"9133","onkz"
"9134","onkz"
"9135","onkz"
"9141","onkz"
"9142","onkz"
"9143","onkz"
"9144","onkz"
"9145","onkz"
"9146","onkz"
"9147","onkz"
"9148","onkz"
"9149","onkz"
"9151","onkz"
"9152","onkz"
"9153","onkz"
"9154","onkz"
"9155","onkz"
"9156","onkz"
"9157","onkz"
"9158","onkz"
"9161","onkz"
"9162","onkz"
"9163","onkz"
"9164","onkz"
"9165","onkz"
"9166","onkz"
"9167","onkz"
"9170","onkz"
"9171","onkz"
"9172","onkz"
"9173","onkz"
"9174","onkz"
"9175","onkz"
"9176","onkz"
"9177","onkz"
"9178","onkz"
"9179","onkz"
"9180","onkz"
"9181","onkz"
"9182","onkz"
"9183","onkz"
"9184","onkz"
"9185","onkz"
"9186","onkz"
"9187","onkz"
"9188","onkz"
"9189","onkz"
"9190","onkz"
"9191","onkz"
"9192","onkz"
"9193","onkz"
"9194","onkz"
"9195","onkz"
"9196","onkz"
"9197","onkz"
"9198","onkz"
"9199","onkz"
"9201","onkz"
"9202","onkz"
"9203","onkz"
"9204","onkz"
"9205","onkz"
"9206","onkz"
"9207","onkz"
"9208","onkz"
"9209","onkz"
"921","onkz"
"9220","onkz"
"9221","onkz"
"9222","onkz"
"9223","onkz"
"9225","onkz"
"9227","onkz"
"9228","onkz"
"9229","onkz"
"9231","onkz"
"9232","onkz"
"9233","onkz"
"9234","onkz"
"9235","onkz"
"9236","onkz"
"9238","onkz"
"9241","onkz"
"9242","onkz"
"9243","onkz"
"9244","onkz"
"9245","onkz"
"9246","onkz"
"9251","onkz"
"9252","onkz"
"9253","onkz"
"9254","onkz"
"9255","onkz"
"9256","onkz"
"9257","onkz"
"9260","onkz"
"9261","onkz"
"9262","onkz"
"9263","onkz"
"9264","onkz"
"9265","onkz"
"9266","onkz"
"9267","onkz"
"9268","onkz"
"9269","onkz"
"9270","onkz"
"9271","onkz"
"9272","onkz"
"9273","onkz"
"9274","onkz"
"9275","onkz"
"9276","onkz"
"9277","onkz"
"9278","onkz"
"9279","onkz"
"9280","onkz"
"9281","onkz"
"9282","onkz"
"9283","onkz"
"9284","onkz"
"9285","onkz"
"9286","onkz"
"9287","onkz"
"9288","onkz"
"9289","onkz"
"9292","onkz"
"9293","onkz"
"9294","onkz"
"9295","onkz"
"9302","onkz"
"9303","onkz"
"9305","onkz"
"9306","onkz"
"9307","onkz"
"931","onkz"
"9321","onkz"
"9323","onkz"
"9324","onkz"
"9325","onkz"
"9326","onkz"
"9331","onkz"
"9332","onkz"
"9333","onkz"
"9334","onkz"
"9335","onkz"
"9336","onkz"
"9337","onkz"
"9338","onkz"
"9339","onkz"
"9340","onkz"
"9341","onkz"
"9342","onkz"
"9343","onkz"
"9344","onkz"
"9345","onkz"
"9346","onkz"
"9347","onkz"
"9348","onkz"
"9349","onkz"
"9350","onkz"
"9351","onkz"
"9352","onkz"
"9353","onkz"
"9354","onkz"
"9355","onkz"
"9356","onkz"
"9357","onkz"
"9358","onkz"
"9359","onkz"
"9360","onkz"
"9363","onkz"
"9364","onkz"
"9365","onkz"
"9366","onkz"
"9367","onkz"
"9369","onkz"
"9371","onkz"
"9372","onkz"
"9373","onkz"
"9374","onkz"
"9375","onkz"
"9376","onkz"
"9377","onkz"
"9378","onkz"
"9381","onkz"
"9382","onkz"
"9383","onkz"
"9384","onkz"
"9385","onkz"
"9386","onkz"
"9391","onkz"
"9392","onkz"
"9393","onkz"
"9394","onkz"
"9395","onkz"
"9396","onkz"
"9397","onkz"
"9398","onkz"
"9401","onkz"
"9402","onkz"
"9403","onkz"
"9404","onkz"
"9405","onkz"
"9406","onkz"
"9407","onkz"
"9408","onkz"
"9409","onkz"
"941","onkz"
"9420","onkz"
"9421","onkz"
"9422","onkz"
"9423","onkz"
"9424","onkz"
"9426","onkz"
"9427","onkz"
"9428","onkz"
"9429","onkz"
"9431","onkz"
"9433","onkz"
"9434","onkz"
"9435","onkz"
"9436","onkz"
"9438","onkz"
"9439","onkz"
"9441","onkz"
"9442","onkz"
"9443","onkz"
"9444","onkz"
"9445","onkz"
"9446","onkz"
"9447","onkz"
"9448","onkz"
"9451","onkz"
"9452","onkz"
"9453","onkz"
"9454","onkz"
"9461","onkz"
"9462","onkz"
"9463","onkz"
"9464","onkz"
"9465","onkz"
"9466","onkz"
"9467","onkz"
"9468","onkz"
"9469","onkz"
"9471","onkz"
"9472","onkz"
"9473","onkz"
"9474","onkz"
"9480","onkz"
"9481","onkz"
"9482","onkz"
"9484","onkz"
"9491","onkz"
"9492","onkz"
"9493","onkz"
"9495","onkz"
"9497","onkz"
"9498","onkz"
"9499","onkz"
"9502","onkz"
"9503","onkz"
"9504","onkz"
"9505","onkz"
"951","onkz"
"9521","onkz"
"9522","onkz"
"9523","onkz"
"9524","onkz"
"9525","onkz"
"9526","onkz"
"9527","onkz"
"9528","onkz"
"9529","onkz"
"9531","onkz"
"9532","onkz"
"9533","onkz"
"9534","onkz"
"9535","onkz"
"9536","onkz"
"9542","onkz"
"9543","onkz"
"9544","onkz"
"9545","onkz"
"9546","onkz"
"9547","onkz"
"9548","onkz"
"9549","onkz"
"9551","onkz"
"9552","onkz"
"9553","onkz"
"9554","onkz"
"9555","onkz"
"9556","onkz"
"9560","onkz"
"9561","onkz"
"9562","onkz"
"9563","onkz"
"9564","onkz"
"9565","onkz"
"9566","onkz"
"9567","onkz"
"9568","onkz"
"9569","onkz"
"9571","onkz"
"9572","onkz"
"9573","onkz"
"9574","onkz"
"9575","onkz"
"9576","onkz"
"9602","onkz"
"9603","onkz"
"9604","onkz"
"9605","onkz"
"9606","onkz"
"9607","onkz"
"9608","onkz"
"961","onkz"
"9621","onkz"
"9622","onkz"
"9624","onkz"
"9625","onkz"
"9626","onkz"
"9627","onkz"
"9628","onkz"
"9631","onkz"
"9632","onkz"
"9633","onkz"
"9634","onkz"
"9635","onkz"
"9636","onkz"
"9637","onkz"
"9638","onkz"
"9639","onkz"
"9641","onkz"
"9642","onkz"
"9643","onkz"
"9644","onkz"
"9645","onkz"
"9646","onkz"
"9647","onkz"
"9648","onkz"
"9651","onkz"
"9652","onkz"
"9653","onkz"
"9654","onkz"
"9655","onkz"
"9656","onkz"
"9657","onkz"
"9658","onkz"
"9659","onkz"
"9661","onkz"
"9662","onkz"
"9663","onkz"
"9664","onkz"
"9665","onkz"
"9666","onkz"
"9671","onkz"
"9672","onkz"
"9673","onkz"
"9674","onkz"
"9675","onkz"
"9676","onkz"
"9677","onkz"
"9681","onkz"
"9682","onkz"
"9683","onkz"
"9701","onkz"
"9704","onkz"
"9708","onkz"
"971","onkz"
"9720","onkz"
"9721","onkz"
"9722","onkz"
"9723","onkz"
"9724","onkz"
"9725","onkz"
"9726","onkz"
"9727","onkz"
"9728","onkz"
"9729","onkz"
"9732","onkz"
"9733","onkz"
"9734","onkz"
"9735","onkz"
"9736","onkz"
"9737","onkz"
"9738","onkz"
"9741","onkz"
"9742","onkz"
"9744","onkz"
"9745","onkz"
"9746","onkz"
"9747","onkz"
"9748","onkz"
"9749","onkz"
"9761","onkz"
"9762","onkz"
"9763","onkz"
"9764","onkz"
"9765","onkz"
"9766","onkz"
"9771","onkz"
"9772","onkz"
"9773","onkz"
"9774","onkz"
"9775","onkz"
"9776","onkz"
"9777","onkz"
"9778","onkz"
"9779","onkz"
"9802","onkz"
"9803","onkz"
"9804","onkz"
"9805","onkz"
"981","onkz"
"9820","onkz"
"9822","onkz"
"9823","onkz"
"9824","onkz"
"9825","onkz"
"9826","onkz"
"9827","onkz"
"9828","onkz"
"9829","onkz"
"9831","onkz"
"9832","onkz"
"9833","onkz"
"9834","onkz"
"9835","onkz"
"9836","onkz"
"9837","onkz"
"9841","onkz"
"9842","onkz"
"9843","onkz"
"9844","onkz"
"9845","onkz"
"9846","onkz"
"9847","onkz"
"9848","onkz"
"9851","onkz"
"9852","onkz"
"9853","onkz"
"9854","onkz"
"9855","onkz"
"9856","onkz"
"9857","onkz"
"9861","onkz"
"9865","onkz"
"9867","onkz"
"9868","onkz"
"9869","onkz"
"9871","onkz"
"9872","onkz"
"9873","onkz"
"9874","onkz"
"9875","onkz"
"9876","onkz"
"9901","onkz"
"9903","onkz"
"9904","onkz"
"9905","onkz"
"9906","onkz"
"9907","onkz"
"9908","onkz"
"991","onkz"
"9920","onkz"
"9921","onkz"
"9922","onkz"
"9923","onkz"
"9924","onkz"
"9925","onkz"
"9926","onkz"
"9927","onkz"
"9928","onkz"
"9929","onkz"
"9931","onkz"
"9932","onkz"
"9933","onkz"
"9935","onkz"
"9936","onkz"
"9937","onkz"
"9938","onkz"
"9941","onkz"
"9942","onkz"
"9943","onkz"
"9944","onkz"
"9945","onkz"
"9946","onkz"
"9947","onkz"
"9948","onkz"
"9951","onkz"
"9952","onkz"
"9953","onkz"
"9954","onkz"
"9955","onkz"
"9956","onkz"
"9961","onkz"
"9962","onkz"
"9963","onkz"
"9964","onkz"
"9965","onkz"
"9966","onkz"
"9971","onkz"
"9972","onkz"
"9973","onkz"
"9974","onkz"
"9975","onkz"
"9976","onkz"
"9977","onkz"
"9978","onkz"
